dgp,n,p,pi,tau,rep,seed,estimator,alpha_hat,alpha_true,bias,absolute_error,squared_error,status,failed,converged,error_type,error_message,cr_lower,cr_upper,cr_length,cr_empty,cr_covers_true,cr_hits_lower_boundary,cr_hits_upper_boundary,cr_hits_any_boundary,cr_accepted_alpha_count,cr_acceptance_rate,cr_n_blocks,cr_disconnected,cr_hull_length,alpha_grid_min,alpha_grid_max,alpha_grid_size,alpha_grid_step,alpha_hat_at_lower_boundary,alpha_hat_at_upper_boundary,alpha_hat_at_any_boundary,failed_alpha_count,failed_alpha_rate,min_test_stat,max_test_stat,test_stat_at_alpha_hat,critical_value,critical_value_nominal,critical_value_multiplier,critical_value_adjusted,selected_controls,runtime_seconds,runtime_total_sec,runtime_data_generation_sec,runtime_estimator_sec,runtime_alpha_grid_sec,runtime_confidence_region_sec,runtime_score_eval_sec,runtime_other_sec,dml_runtime_total_sec,dml_runtime_crossfit_sec,dml_runtime_nuisance_fit_sec,dml_runtime_nuisance_predict_sec,dml_runtime_alpha_loop_sec,dml_runtime_score_eval_sec,dml_runtime_confidence_region_sec,ps_runtime_total_sec,ps_runtime_selection_sec,ps_runtime_first_stage_sec,ps_runtime_alpha_loop_sec,ps_runtime_score_eval_sec,ps_runtime_confidence_region_sec,ps_runtime_diagnostics_sec,oracle_runtime_total_sec,oracle_runtime_alpha_loop_sec,oracle_runtime_score_eval_sec,oracle_runtime_confidence_region_sec,fc_runtime_total_sec,fc_runtime_alpha_loop_sec,fc_runtime_score_eval_sec,fc_runtime_confidence_region_sec,dml_quantile_penalty,dml_ridge_alpha,dml_quantile_solver,dml_qr_fit_count,dml_runtime_mean_alpha_sec,dml_runtime_max_alpha_sec,dml_qr_nonzero_mean,dml_z_resid_var_mean,ps_n_selected_controls,ps_n_selected_instruments,ps_n_selected_total,ps_share_selected_controls,ps_share_selected_instruments,ps_instrument_selection_method,ps_n_candidate_instruments,ps_n_retained_instruments,ps_share_retained_instruments,ps_all_instruments_retained,ps_selected_no_controls,ps_selected_no_instruments,ps_selected_empty_total,ps_first_stage_r2,ps_first_stage_adj_r2,ps_first_stage_partial_r2,ps_first_stage_f_stat,ps_first_stage_condition_number,ps_selection_method,ps_selection_lasso_multiplier,ps_lasso_alpha_controls,ps_lasso_alpha_instruments,ps_lasso_alpha_first_stage,ps_lasso_alpha_y_cv,ps_lasso_alpha_d_cv,ps_lasso_alpha_y_final,ps_lasso_alpha_d_final,ps_lasso_cv_folds,ps_selection_failed,ps_first_stage_failed,ps_rank_deficient,ps_warning_code,message
dgp2,500,500,0.1,0.25,0,5443369904443752480,dml_ivqr,-1.0,0.3255102498039183,-1.3255102498039184,1.3255102498039184,1.7569774223352461,ok,False,True,,,-1.0,3.0,4.0,False,True,True,True,True,11,1.0,1,False,4.0,-1.0,3.0,11,0.4,True,False,True,0,0.0,0.031812849365935356,3.1164742667336576,0.031812849365935356,3.841458820694124,3.841458820694124,1.0,3.841458820694124,,16.126061500050128,16.126061500050128,,16.126061500050128,16.089850899996236,0.0007841000333428383,,0.0007034000009298325,16.126061500050128,0.03472310001961887,,,16.089850899996236,,0.0007841000333428383,,,,,,,,,,,,,,,,0.07,1.0,highs-ipm,33,1.462708445456387,1.6859110998921096,7.848484848484849,3.150543094743126,,,,,,,,,,False,False,False,False,,,,,,,,,,,,,,,,False,False,False,,ok; failed_alpha_points=0/11
dgp2,500,500,0.1,0.25,1,3276341512059057779,dml_ivqr,-1.0,0.3255102498039183,-1.3255102498039184,1.3255102498039184,1.7569774223352461,ok,False,True,,,-1.0,3.0,3.877211154644195,False,True,True,True,True,10,0.9090909090909091,2,True,4.0,-1.0,3.0,11,0.4,True,False,True,0,0.0,0.29647263035057075,4.006817239346953,0.29647263035057075,3.841458820694124,3.841458820694124,1.0,3.841458820694124,,16.458580000093207,16.458580000093207,,16.458580000093207,16.42705739988014,0.0008231999818235636,,0.0005782002117484808,16.458580000093207,0.0301212000194937,,,16.42705739988014,,0.0008231999818235636,,,,,,,,,,,,,,,,0.07,1.0,highs-ipm,33,1.493361800041219,1.688390500145033,8.090909090909092,2.840740839178514,,,,,,,,,,False,False,False,False,,,,,,,,,,,,,,,,False,False,False,,ok; failed_alpha_points=0/11
dgp2,500,500,0.1,0.25,2,1751579358834286689,dml_ivqr,-0.6,0.3255102498039183,-0.9255102498039183,0.9255102498039183,0.8565692224921112,ok,False,True,,,-1.0,3.0,4.0,False,True,True,True,True,11,1.0,1,False,4.0,-1.0,3.0,11,0.4,False,False,False,0,0.0,1.894242506223076e-05,0.1639958047028506,1.894242506223076e-05,3.841458820694124,3.841458820694124,1.0,3.841458820694124,,16.2842309998814,16.2842309998814,,16.2842309998814,16.24469570000656,0.0007800001185387373,,0.000568899791687727,16.2842309998814,0.0381863999646157,,,16.24469570000656,,0.0007800001185387373,,,,,,,,,,,,,,,,0.07,1.0,highs-ipm,33,1.4767846545754848,1.681978799868375,8.848484848484848,3.2340856423599775,,,,,,,,,,False,False,False,False,,,,,,,,,,,,,,,,False,False,False,,ok; failed_alpha_points=0/11
dgp2,500,500,0.1,0.25,3,6705704668292774247,dml_ivqr,2.2,0.3255102498039183,1.8744897501960818,1.8744897501960818,3.513711823590169,ok,False,True,,,-1.0,3.0,4.0,False,True,True,True,True,11,1.0,1,False,4.0,-1.0,3.0,11,0.4,False,False,False,0,0.0,0.00010120744487981576,1.7788258029679318,0.00010120744487981576,3.841458820694124,3.841458820694124,1.0,3.841458820694124,,15.900840300135314,15.900840300135314,,15.900840300135314,15.867981099989265,0.001514800125733018,,0.0006715999916195869,15.900840300135314,0.030672800028696656,,,15.867981099989265,,0.001514800125733018,,,,,,,,,,,,,,,,0.07,1.0,highs-ipm,33,1.442537209082564,1.7483662001322955,8.0,3.305634727887067,,,,,,,,,,False,False,False,False,,,,,,,,,,,,,,,,False,False,False,,ok; failed_alpha_points=0/11
dgp2,500,500,0.1,0.25,4,6343718395380566197,dml_ivqr,3.0,0.3255102498039183,2.6744897501960816,2.6744897501960816,7.152895423903899,ok,False,True,,,-1.0,3.0,2.955890836327547,False,False,True,True,True,8,0.7272727272727273,2,True,4.0,-1.0,3.0,11,0.4,False,True,True,0,0.0,0.08229546231091278,5.1036115471538555,0.08229546231091278,3.841458820694124,3.841458820694124,1.0,3.841458820694124,,17.879232400096953,17.879232400096953,,17.879232400096953,17.845408800058067,0.0007454999722540379,,0.0005600000731647015,17.879232400096953,0.03251809999346733,,,17.845408800058067,,0.0007454999722540379,,,,,,,,,,,,,,,,0.07,1.0,highs-ipm,33,1.6223029818343506,1.6998089000117034,7.606060606060606,2.94763249755079,,,,,,,,,,False,False,False,False,,,,,,,,,,,,,,,,False,False,False,,ok; failed_alpha_points=0/11
dgp2,500,500,0.1,0.5,0,929846494630622916,dml_ivqr,2.6,1.0,1.6,1.6,2.5600000000000005,ok,False,True,,,-1.0,3.0,3.608073573551324,False,True,True,True,True,10,0.9090909090909091,2,True,4.0,-1.0,3.0,11,0.4,False,False,False,0,0.0,0.2571612729123786,5.190009562344596,0.2571612729123786,3.841458820694124,3.841458820694124,1.0,3.841458820694124,,18.287567000137642,18.287567000137642,,18.287567000137642,18.259054000023752,0.0008539000991731882,,0.0005403999239206314,18.287567000137642,0.027118700090795755,,,18.259054000023752,,0.0008539000991731882,,,,,,,,,,,,,,,,0.07,1.0,highs-ipm,33,1.6599078636658802,1.8273626000154763,12.393939393939394,3.0233187169255724,,,,,,,,,,False,False,False,False,,,,,,,,,,,,,,,,False,False,False,,ok; failed_alpha_points=0/11
dgp2,500,500,0.1,0.5,1,9174395711599958830,dml_ivqr,0.20000000000000018,1.0,-0.7999999999999998,0.7999999999999998,0.6399999999999997,ok,False,True,,,-1.0,3.0,4.0,False,True,True,True,True,11,1.0,1,False,4.0,-1.0,3.0,11,0.4,False,False,False,0,0.0,0.001321280061170965,0.7054575401632173,0.001321280061170965,3.841458820694124,3.841458820694124,1.0,3.841458820694124,,18.372109999880195,18.372109999880195,,18.372109999880195,18.33643429982476,0.0008055001962929964,,0.0006098998710513115,18.372109999880195,0.03426029998809099,,,18.33643429982476,,0.0008055001962929964,,,,,,,,,,,,,,,,0.07,1.0,highs-ipm,33,1.666942699981684,1.9338962000329047,12.151515151515152,3.062760380153314,,,,,,,,,,False,False,False,False,,,,,,,,,,,,,,,,False,False,False,,ok; failed_alpha_points=0/11
dgp2,500,500,0.1,0.5,2,4678209227790743410,dml_ivqr,2.6,1.0,1.6,1.6,2.5600000000000005,ok,False,True,,,-1.0,3.0,4.0,False,True,True,True,True,11,1.0,1,False,4.0,-1.0,3.0,11,0.4,False,False,False,0,0.0,0.0001682943450246763,2.54156899008315,0.0001682943450246763,3.841458820694124,3.841458820694124,1.0,3.841458820694124,,18.796155099989846,18.796155099989846,,18.796155099989846,18.759192200144753,0.0005743999499827623,,0.000480300048366189,18.796155099989846,0.03590819984674454,,,18.759192200144753,,0.0005743999499827623,,,,,,,,,,,,,,,,0.07,1.0,highs-ipm,33,1.7053757727103815,1.9765563998371363,14.181818181818182,3.0415375149542334,,,,,,,,,,False,False,False,False,,,,,,,,,,,,,,,,False,False,False,,ok; failed_alpha_points=0/11
dgp2,500,500,0.1,0.5,3,8334348606518942113,dml_ivqr,1.8000000000000003,1.0,0.8000000000000003,0.8000000000000003,0.6400000000000005,ok,False,True,,,-1.0,3.0,4.0,False,True,True,True,True,11,1.0,1,False,4.0,-1.0,3.0,11,0.4,False,False,False,0,0.0,0.18528610408938456,1.8942649586040867,0.18528610408938456,3.841458820694124,3.841458820694124,1.0,3.841458820694124,,13.79702870012261,13.79702870012261,,13.79702870012261,13.75305759999901,0.0003690999001264572,,0.0006559002213180065,13.79702870012261,0.04294610000215471,,,13.75305759999901,,0.0003690999001264572,,,,,,,,,,,,,,,,0.07,1.0,highs-ipm,33,1.2502736999991944,1.6251964999828488,11.636363636363637,3.7187846337908117,,,,,,,,,,False,False,False,False,,,,,,,,,,,,,,,,False,False,False,,ok; failed_alpha_points=0/11
dgp2,500,500,0.1,0.5,4,8974968178208391982,dml_ivqr,3.0,1.0,2.0,2.0,4.0,ok,False,True,,,-1.0,3.0,4.0,False,True,True,True,True,11,1.0,1,False,4.0,-1.0,3.0,11,0.4,False,True,True,0,0.0,0.07129766928960608,0.9137478559997061,0.07129766928960608,3.841458820694124,3.841458820694124,1.0,3.841458820694124,,13.474152500042692,13.474152500042692,,13.474152500042692,13.440048200078309,0.0003424000460654497,,0.0003893999382853508,13.474152500042692,0.033372499980032444,,,13.440048200078309,,0.0003424000460654497,,,,,,,,,,,,,,,,0.07,1.0,highs-ipm,33,1.2218179000245237,1.4077749999705702,11.393939393939394,3.0371407192928266,,,,,,,,,,False,False,False,False,,,,,,,,,,,,,,,,False,False,False,,ok; failed_alpha_points=0/11
dgp2,500,500,0.1,0.75,0,1808592947271104310,dml_ivqr,3.0,1.6744897501960816,1.3255102498039184,1.3255102498039184,1.7569774223352461,ok,False,True,,,-1.0,3.0,4.0,False,True,True,True,True,11,1.0,1,False,4.0,-1.0,3.0,11,0.4,False,True,True,0,0.0,0.06302024926422922,1.8218816785017167,0.06302024926422922,3.841458820694124,3.841458820694124,1.0,3.841458820694124,,18.59290279983543,18.59290279983543,,18.59290279983543,18.54469019989483,0.0007949999999254942,,0.0008177999407052994,18.59290279983543,0.04659979999996722,,,18.54469019989483,,0.0007949999999254942,,,,,,,,,,,,,,,,0.07,1.0,highs-ipm,33,1.6858742090619423,1.8468861000146717,6.363636363636363,3.379863539458368,,,,,,,,,,False,False,False,False,,,,,,,,,,,,,,,,False,False,False,,ok; failed_alpha_points=0/11
dgp2,500,500,0.1,0.75,1,3780327144607353354,dml_ivqr,2.2,1.6744897501960816,0.5255102498039186,0.5255102498039186,0.2761610226489769,ok,False,True,,,-1.0,3.0,4.0,False,True,True,True,True,11,1.0,1,False,4.0,-1.0,3.0,11,0.4,False,False,False,0,0.0,0.4663113183100076,1.8284268160491748,0.4663113183100076,3.841458820694124,3.841458820694124,1.0,3.841458820694124,,18.96077340003103,18.96077340003103,,18.96077340003103,18.917593100108206,0.0009989000391215086,,0.0006956998258829117,18.96077340003103,0.041485700057819486,,,18.917593100108206,,0.0009989000391215086,,,,,,,,,,,,,,,,0.07,1.0,highs-ipm,33,1.7197749000466005,1.976487600011751,6.242424242424242,2.8567046071086133,,,,,,,,,,False,False,False,False,,,,,,,,,,,,,,,,False,False,False,,ok; failed_alpha_points=0/11
dgp2,500,500,0.1,0.75,2,1974811132163021402,dml_ivqr,0.20000000000000018,1.6744897501960816,-1.4744897501960814,1.4744897501960814,2.1741200234333027,ok,False,True,,,-1.0,3.0,4.0,False,True,True,True,True,11,1.0,1,False,4.0,-1.0,3.0,11,0.4,False,False,False,0,0.0,0.01301353722409312,3.8313915312237574,0.01301353722409312,3.841458820694124,3.841458820694124,1.0,3.841458820694124,,18.238800400169566,18.238800400169566,,18.238800400169566,18.194620500085875,0.0005568000487983227,,0.0005468002054840326,18.238800400169566,0.043076299829408526,,,18.194620500085875,,0.0005568000487983227,,,,,,,,,,,,,,,,0.07,1.0,highs-ipm,33,1.6540449727538296,1.7580469001550227,7.242424242424242,3.054325524673542,,,,,,,,,,False,False,False,False,,,,,,,,,,,,,,,,False,False,False,,ok; failed_alpha_points=0/11
dgp2,500,500,0.1,0.75,3,1497661434689480438,dml_ivqr,-0.6,1.6744897501960816,-2.2744897501960817,2.2744897501960817,5.173303623747034,ok,False,True,,,-1.0,3.0,4.0,False,True,True,True,True,11,1.0,1,False,4.0,-1.0,3.0,11,0.4,False,False,False,0,0.0,0.0041176761534690515,1.6235503675710312,0.0041176761534690515,3.841458820694124,3.841458820694124,1.0,3.841458820694124,,19.415421100100502,19.415421100100502,,19.415421100100502,19.37916319980286,0.0010218999814242125,,0.0006029002834111452,19.415421100100502,0.034633100032806396,,,19.37916319980286,,0.0010218999814242125,,,,,,,,,,,,,,,,0.07,1.0,highs-ipm,33,1.7617359999778934,1.8544890999328345,7.363636363636363,3.3678254866519297,,,,,,,,,,False,False,False,False,,,,,,,,,,,,,,,,False,False,False,,ok; failed_alpha_points=0/11
dgp2,500,500,0.1,0.75,4,2333980470433521169,dml_ivqr,3.0,1.6744897501960816,1.3255102498039184,1.3255102498039184,1.7569774223352461,ok,False,True,,,-1.0,3.0,3.998222775296083,False,True,True,True,True,10,0.9090909090909091,2,True,4.0,-1.0,3.0,11,0.4,False,True,True,0,0.0,0.2808058316488637,3.845531408599674,0.2808058316488637,3.841458820694124,3.841458820694124,1.0,3.841458820694124,,19.286800800124183,19.286800800124183,,19.286800800124183,19.252302800072357,0.0008079998660832644,,0.0005791999865323305,19.286800800124183,0.033110800199210644,,,19.252302800072357,,0.0008079998660832644,,,,,,,,,,,,,,,,0.07,1.0,highs-ipm,33,1.7502031181938946,1.8424782000947744,7.121212121212121,2.9968610345865376,,,,,,,,,,False,False,False,False,,,,,,,,,,,,,,,,False,False,False,,ok; failed_alpha_points=0/11
dgp2,500,500,1.0,0.25,0,1853768253860638706,dml_ivqr,-0.19999999999999996,0.3255102498039183,-0.5255102498039183,0.5255102498039183,0.2761610226489766,ok,False,True,,,-1.0,1.2218794078038104,2.2218794078038107,False,True,True,False,True,6,0.5454545454545454,1,False,2.2218794078038107,-1.0,3.0,11,0.4,False,False,False,0,0.0,0.3687938442906029,16.590712501377464,0.3687938442906029,3.841458820694124,3.841458820694124,1.0,3.841458820694124,,19.39160560001619,19.39160560001619,,19.39160560001619,19.34636119985953,0.0008260998874902725,,0.0007692002691328526,19.39160560001619,0.04364910000003874,,,19.34636119985953,,0.0008260998874902725,,,,,,,,,,,,,,,,0.07,1.0,highs-ipm,33,1.7587521727281539,1.8474148998502642,6.0606060606060606,2.4016066602776007,,,,,,,,,,False,False,False,False,,,,,,,,,,,,,,,,False,False,False,,ok; failed_alpha_points=0/11
dgp2,500,500,1.0,0.25,1,2379112427032197730,dml_ivqr,0.20000000000000018,0.3255102498039183,-0.12551024980391812,0.12551024980391812,0.015752822805841928,ok,False,True,,,-1.0,1.5082022535207429,2.508202253520743,False,True,True,False,True,7,0.6363636363636364,1,False,2.508202253520743,-1.0,3.0,11,0.4,False,False,False,0,0.0,6.402943359148563e-05,7.612996265701482,6.402943359148563e-05,3.841458820694124,3.841458820694124,1.0,3.841458820694124,,20.435980500187725,20.435980500187725,,20.435980500187725,20.39238280011341,0.0004749000072479248,,0.0005592999514192343,20.435980500187725,0.04256350011564791,,,20.39238280011341,,0.0004749000072479248,,,,,,,,,,,,,,,,0.07,1.0,highs-ipm,33,1.8538463545793837,2.050798400072381,8.212121212121213,3.6487216707153762,,,,,,,,,,False,False,False,False,,,,,,,,,,,,,,,,False,False,False,,ok; failed_alpha_points=0/11
dgp2,500,500,1.0,0.25,2,2992881603407452434,dml_ivqr,0.20000000000000018,0.3255102498039183,-0.12551024980391812,0.12551024980391812,0.015752822805841928,ok,False,True,,,-1.0,3.0,4.0,False,True,True,True,True,11,1.0,1,False,4.0,-1.0,3.0,11,0.4,False,False,False,0,0.0,0.00018591510784370476,3.633316455551823,0.00018591510784370476,3.841458820694124,3.841458820694124,1.0,3.841458820694124,,19.325730100041255,19.325730100041255,,19.325730100041255,19.28563389996998,0.0008181999437510967,,0.0007879000622779131,19.325730100041255,0.038490100065246224,,,19.28563389996998,,0.0008181999437510967,,,,,,,,,,,,,,,,0.07,1.0,highs-ipm,33,1.7532331636598841,1.8736675998661667,6.878787878787879,2.9242552772558863,,,,,,,,,,False,False,False,False,,,,,,,,,,,,,,,,False,False,False,,ok; failed_alpha_points=0/11
dgp2,500,500,1.0,0.25,3,6985816591604598467,dml_ivqr,-0.6,0.3255102498039183,-0.9255102498039183,0.9255102498039183,0.8565692224921112,ok,False,True,,,-1.0,1.1302334351099337,2.1302334351099335,False,True,True,False,True,6,0.5454545454545454,1,False,2.1302334351099335,-1.0,3.0,11,0.4,False,False,False,0,0.0,0.12350120652263429,16.337922140285055,0.12350120652263429,3.841458820694124,3.841458820694124,1.0,3.841458820694124,,15.033775800140575,15.033775800140575,,15.033775800140575,14.991334999911487,0.0003831000067293644,,0.0005308000836521387,15.033775800140575,0.04152690013870597,,,14.991334999911487,,0.0003831000067293644,,,,,,,,,,,,,,,,0.07,1.0,highs-ipm,33,1.3628435727547517,1.871128800092265,8.848484848484848,2.577506743063303,,,,,,,,,,False,False,False,False,,,,,,,,,,,,,,,,False,False,False,,ok; failed_alpha_points=0/11
dgp2,500,500,1.0,0.25,4,217414884875809725,dml_ivqr,0.6000000000000001,0.3255102498039183,0.2744897501960818,0.2744897501960818,0.07534462296270739,ok,False,True,,,-1.0,2.3427002775909873,3.3427002775909873,False,True,True,False,True,9,0.8181818181818182,1,False,3.3427002775909873,-1.0,3.0,11,0.4,False,False,False,0,0.0,0.01974993729443651,8.988550521043242,0.01974993729443651,3.841458820694124,3.841458820694124,1.0,3.841458820694124,,14.740046399878338,14.740046399878338,,14.740046399878338,14.691227599978447,0.0006629000417888165,,0.0006665999535471201,14.740046399878338,0.04748929990455508,,,14.691227599978447,,0.0006629000417888165,,,,,,,,,,,,,,,,0.07,1.0,highs-ipm,33,1.3355595000215212,1.8366370000876486,7.757575757575758,3.391576942915492,,,,,,,,,,False,False,False,False,,,,,,,,,,,,,,,,False,False,False,,ok; failed_alpha_points=0/11
dgp2,500,500,1.0,0.5,0,3415204953838178782,dml_ivqr,2.2,1.0,1.2000000000000002,1.2000000000000002,1.4400000000000004,ok,False,True,,,0.5818898864885124,3.0,2.4181101135114877,False,True,False,True,True,7,0.6363636363636364,1,False,2.4181101135114877,-1.0,3.0,11,0.4,False,False,False,0,0.0,0.01739665925276655,17.568103633394177,0.01739665925276655,3.841458820694124,3.841458820694124,1.0,3.841458820694124,,21.193368799984455,21.193368799984455,,21.193368799984455,21.14598200004548,0.0009541998151689768,,0.0008092999923974276,21.193368799984455,0.04562330013141036,,,21.14598200004548,,0.0009541998151689768,,,,,,,,,,,,,,,,0.07,1.0,highs-ipm,33,1.9223547909112477,2.0303638998884708,12.090909090909092,2.9792467584334545,,,,,,,,,,False,False,False,False,,,,,,,,,,,,,,,,False,False,False,,ok; failed_alpha_points=0/11
dgp2,500,500,1.0,0.5,1,8484671938930904904,dml_ivqr,0.20000000000000018,1.0,-0.7999999999999998,0.7999999999999998,0.6399999999999997,ok,False,True,,,-0.1162450797194103,2.220767896699009,2.3370129764184195,False,True,False,False,False,6,0.5454545454545454,1,False,2.3370129764184195,-1.0,3.0,11,0.4,False,False,False,0,0.0,0.5400111379334057,10.890647006414428,0.5400111379334057,3.841458820694124,3.841458820694124,1.0,3.841458820694124,,21.97775650001131,21.97775650001131,,21.97775650001131,21.927245799917728,0.0013240000698715448,,0.0010299000423401594,21.97775650001131,0.04815679998137057,,,21.927245799917728,,0.0013240000698715448,,,,,,,,,,,,,,,,0.07,1.0,highs-ipm,33,1.9933788182256236,2.1943941002245992,13.696969696969697,2.8789974344729203,,,,,,,,,,False,False,False,False,,,,,,,,,,,,,,,,False,False,False,,ok; failed_alpha_points=0/11
dgp2,500,500,1.0,0.5,2,8430169622492842461,dml_ivqr,1.4000000000000004,1.0,0.40000000000000036,0.40000000000000036,0.16000000000000028,ok,False,True,,,0.13429593223118735,2.9476205260321295,2.8133245938009424,False,True,False,False,False,7,0.6363636363636364,1,False,2.8133245938009424,-1.0,3.0,11,0.4,False,False,False,0,0.0,0.12703797834367095,6.250320520518329,0.12703797834367095,3.841458820694124,3.841458820694124,1.0,3.841458820694124,,21.33229950000532,21.33229950000532,,21.33229950000532,21.294178700074553,0.0006653000600636005,,0.0007557999342679977,21.33229950000532,0.03669969993643463,,,21.294178700074553,,0.0006653000600636005,,,,,,,,,,,,,,,,0.07,1.0,highs-ipm,33,1.9358273000160062,2.1925633000209928,13.242424242424242,4.1210388949241805,,,,,,,,,,False,False,False,False,,,,,,,,,,,,,,,,False,False,False,,ok; failed_alpha_points=0/11
dgp2,500,500,1.0,0.5,3,3030906835176651585,dml_ivqr,1.8000000000000003,1.0,0.8000000000000003,0.8000000000000003,0.6400000000000005,ok,False,True,,,-0.8490356991484764,2.7392904769857913,3.5883261761342675,False,True,False,False,False,9,0.8181818181818182,1,False,3.5883261761342675,-1.0,3.0,11,0.4,False,False,False,0,0.0,0.017247077448446196,4.820522724080568,0.017247077448446196,3.841458820694124,3.841458820694124,1.0,3.841458820694124,,20.796984599903226,20.796984599903226,,20.796984599903226,20.752537399996072,0.0005606000777333975,,0.0006212999578565359,20.796984599903226,0.04326529987156391,,,20.752537399996072,,0.0005606000777333975,,,,,,,,,,,,,,,,0.07,1.0,highs-ipm,33,1.886588109128008,1.9453781000338495,12.818181818181818,3.045405329324204,,,,,,,,,,False,False,False,False,,,,,,,,,,,,,,,,False,False,False,,ok; failed_alpha_points=0/11
dgp2,500,500,1.0,0.5,4,8011334809893544398,dml_ivqr,0.20000000000000018,1.0,-0.7999999999999998,0.7999999999999998,0.6399999999999997,ok,False,True,,,-0.6375740494873866,3.0,3.1546836049076767,False,True,False,True,True,9,0.8181818181818182,2,True,3.6375740494873865,-1.0,3.0,11,0.4,False,False,False,0,0.0,0.1616197128811687,8.044000750221924,0.1616197128811687,3.841458820694124,3.841458820694124,1.0,3.841458820694124,,21.69278399995528,21.69278399995528,,21.69278399995528,21.655914700124413,0.0005002000834792852,,0.000537199666723609,21.69278399995528,0.035831900080665946,,,21.655914700124413,,0.0005002000834792852,,,,,,,,,,,,,,,,0.07,1.0,highs-ipm,33,1.9687132818243382,2.1297914998140186,12.454545454545455,2.7156729745298454,,,,,,,,,,False,False,False,False,,,,,,,,,,,,,,,,False,False,False,,ok; failed_alpha_points=0/11
dgp2,500,500,1.0,0.75,0,1263103262938862198,dml_ivqr,1.8000000000000003,1.6744897501960816,0.12551024980391867,0.12551024980391867,0.015752822805842066,ok,False,True,,,-0.41593136362796834,3.0,2.860409217872946,False,True,False,True,True,8,0.7272727272727273,2,True,3.4159313636279682,-1.0,3.0,11,0.4,False,False,False,0,0.0,1.8076662666545522e-05,5.155986571396073,1.8076662666545522e-05,3.841458820694124,3.841458820694124,1.0,3.841458820694124,,19.717591099906713,19.717591099906713,,19.717591099906713,19.6780741000548,0.0007917999755591154,,0.0005500998813658953,19.717591099906713,0.03817509999498725,,,19.6780741000548,,0.0007917999755591154,,,,,,,,,,,,,,,,0.07,1.0,highs-ipm,33,1.7889093362980268,1.8900690998416394,7.181818181818182,3.019685836171277,,,,,,,,,,False,False,False,False,,,,,,,,,,,,,,,,False,False,False,,ok; failed_alpha_points=0/11
dgp2,500,500,1.0,0.75,1,8214176606832562977,dml_ivqr,1.0,1.6744897501960816,-0.6744897501960816,0.6744897501960816,0.45493642311957255,ok,False,True,,,-0.4992783234324265,2.545310330704232,3.0445886541366587,False,True,False,False,False,7,0.6363636363636364,1,False,3.0445886541366587,-1.0,3.0,11,0.4,False,False,False,0,0.0,0.0193873977054988,4.9701070654454185,0.0193873977054988,3.841458820694124,3.841458820694124,1.0,3.841458820694124,,20.160014600027353,20.160014600027353,,20.160014600027353,20.10873780003749,0.0008497999515384436,,0.0008394001051783562,20.160014600027353,0.04958759993314743,,,20.10873780003749,,0.0008497999515384436,,,,,,,,,,,,,,,,0.07,1.0,highs-ipm,33,1.8280605999541215,2.070904899854213,7.212121212121212,3.4577704301048926,,,,,,,,,,False,False,False,False,,,,,,,,,,,,,,,,False,False,False,,ok; failed_alpha_points=0/11
dgp2,500,500,1.0,0.75,2,3693845922556076721,dml_ivqr,1.0,1.6744897501960816,-0.6744897501960816,0.6744897501960816,0.45493642311957255,ok,False,True,,,-0.5645503206819298,2.574437394413916,3.138987715095846,False,True,False,False,False,7,0.6363636363636364,1,False,3.138987715095846,-1.0,3.0,11,0.4,False,False,False,0,0.0,0.04723081009932853,5.1438875730251405,0.04723081009932853,3.841458820694124,3.841458820694124,1.0,3.841458820694124,,19.907841499894857,19.907841499894857,,19.907841499894857,19.870984999928623,0.0009651998989284039,,0.0006107999943196774,19.907841499894857,0.03528050007298589,,,19.870984999928623,,0.0009651998989284039,,,,,,,,,,,,,,,,0.07,1.0,highs-ipm,33,1.8064465636218137,1.9253799000289291,7.575757575757576,3.341575106362083,,,,,,,,,,False,False,False,False,,,,,,,,,,,,,,,,False,False,False,,ok; failed_alpha_points=0/11
dgp2,500,500,1.0,0.75,3,135785129293186727,dml_ivqr,1.0,1.6744897501960816,-0.6744897501960816,0.6744897501960816,0.45493642311957255,ok,False,True,,,-1.0,2.4139397938506058,3.4139397938506058,False,True,True,False,True,9,0.8181818181818182,1,False,3.4139397938506058,-1.0,3.0,11,0.4,False,False,False,0,0.0,0.0828396286383221,7.572382872764104,0.0828396286383221,3.841458820694124,3.841458820694124,1.0,3.841458820694124,,14.594156499952078,14.594156499952078,,14.594156499952078,14.55829959991388,0.001120199915021658,,0.0006923000328242779,14.594156499952078,0.0340444000903517,,,14.55829959991388,,0.001120199915021658,,,,,,,,,,,,,,,,0.07,1.0,highs-ipm,33,1.3234749545808882,1.6505873000714928,8.272727272727273,2.7318281227059864,,,,,,,,,,False,False,False,False,,,,,,,,,,,,,,,,False,False,False,,ok; failed_alpha_points=0/11
dgp2,500,500,1.0,0.75,4,591946320430072266,dml_ivqr,1.4000000000000004,1.6744897501960816,-0.27448975019608124,0.27448975019608124,0.07534462296270708,ok,False,True,,,0.6576865094585815,2.6583507771271955,2.000664267668614,False,True,False,False,False,5,0.45454545454545453,1,False,2.000664267668614,-1.0,3.0,11,0.4,False,False,False,0,0.0,0.07406047625657271,9.097823313802152,0.07406047625657271,3.841458820694124,3.841458820694124,1.0,3.841458820694124,,14.736299899872392,14.736299899872392,,14.736299899872392,14.695373900001869,0.0005590999498963356,,0.0005595998372882605,14.736299899872392,0.039807300083339214,,,14.695373900001869,,0.0005590999498963356,,,,,,,,,,,,,,,,0.07,1.0,highs-ipm,33,1.3359372908969156,1.5524149001576006,7.090909090909091,3.1225644148217135,,,,,,,,,,False,False,False,False,,,,,,,,,,,,,,,,False,False,False,,ok; failed_alpha_points=0/11
dgp2,1000,500,0.1,0.25,0,1910729031809268198,dml_ivqr,-1.0,0.3255102498039183,-1.3255102498039184,1.3255102498039184,1.7569774223352461,ok,False,True,,,-1.0,3.0,2.856914188441637,False,True,True,True,True,8,0.7272727272727273,2,True,4.0,-1.0,3.0,11,0.4,True,False,True,0,0.0,0.5593340092972983,4.259527063669615,0.5593340092972983,3.841458820694124,3.841458820694124,1.0,3.841458820694124,,46.801811599871144,46.801811599871144,,46.801811599871144,46.71301850001328,0.0006214000750333071,,0.0011100999545305967,46.801811599871144,0.08706159982830286,,,46.71301850001328,,0.0006214000750333071,,,,,,,,,,,,,,,,0.07,1.0,highs-ipm,33,4.246630054559898,4.455476999981329,6.515151515151516,3.7644768765451655,,,,,,,,,,False,False,False,False,,,,,,,,,,,,,,,,False,False,False,,ok; failed_alpha_points=0/11
dgp2,1000,500,0.1,0.25,1,3726041563178316069,dml_ivqr,-1.0,0.3255102498039183,-1.3255102498039184,1.3255102498039184,1.7569774223352461,ok,False,True,,,-1.0,3.0,4.0,False,True,True,True,True,11,1.0,1,False,4.0,-1.0,3.0,11,0.4,True,False,True,0,0.0,2.571014200557282e-05,1.8238360870805734,2.571014200557282e-05,3.841458820694124,3.841458820694124,1.0,3.841458820694124,,47.532843499910086,47.532843499910086,,47.532843499910086,47.43855639989488,0.0006207998376339674,,0.0009867001790553331,47.532843499910086,0.09267959999851882,,,47.43855639989488,,0.0006207998376339674,,,,,,,,,,,,,,,,0.07,1.0,highs-ipm,33,4.312590036329559,4.633094999939203,6.303030303030303,3.4158684238472516,,,,,,,,,,False,False,False,False,,,,,,,,,,,,,,,,False,False,False,,ok; failed_alpha_points=0/11
dgp2,1000,500,0.1,0.25,2,5323326372227771519,dml_ivqr,-1.0,0.3255102498039183,-1.3255102498039184,1.3255102498039184,1.7569774223352461,ok,False,True,,,-1.0,3.0,3.2052398945789826,False,True,True,True,True,9,0.8181818181818182,2,True,4.0,-1.0,3.0,11,0.4,True,False,True,0,0.0,0.30484811381575333,5.3062013266720465,0.30484811381575333,3.841458820694124,3.841458820694124,1.0,3.841458820694124,,47.032744800206274,47.032744800206274,,47.032744800206274,46.94438880006783,0.0010661000851541758,,0.0014636002015322447,47.032744800206274,0.08582629985176027,,,46.94438880006783,,0.0010661000851541758,,,,,,,,,,,,,,,,0.07,1.0,highs-ipm,33,4.267664527287707,4.610667899949476,7.03030303030303,3.9120725862581778,,,,,,,,,,False,False,False,False,,,,,,,,,,,,,,,,False,False,False,,ok; failed_alpha_points=0/11
dgp2,1000,500,0.1,0.25,3,4628905610831562109,dml_ivqr,1.0,0.3255102498039183,0.6744897501960817,0.6744897501960817,0.4549364231195727,ok,False,True,,,-1.0,3.0,4.0,False,True,True,True,True,11,1.0,1,False,4.0,-1.0,3.0,11,0.4,False,False,False,0,0.0,0.046436348614150566,0.9333461685875535,0.046436348614150566,3.841458820694124,3.841458820694124,1.0,3.841458820694124,,45.11890610004775,45.11890610004775,,45.11890610004775,45.04594419989735,0.0005922000855207443,,0.0009369002655148506,45.11890610004775,0.07143279979936779,,,45.04594419989735,,0.0005922000855207443,,,,,,,,,,,,,,,,0.07,1.0,highs-ipm,33,4.095079227265987,4.42980149993673,6.0,3.907779114477625,,,,,,,,,,False,False,False,False,,,,,,,,,,,,,,,,False,False,False,,ok; failed_alpha_points=0/11
dgp2,1000,500,0.1,0.25,4,1568877946113470263,dml_ivqr,-0.6,0.3255102498039183,-0.9255102498039183,0.9255102498039183,0.8565692224921112,ok,False,True,,,-1.0,3.0,3.988062451027621,False,True,True,True,True,10,0.9090909090909091,2,True,4.0,-1.0,3.0,11,0.4,False,False,False,0,0.0,0.11465946985347318,3.874906523217026,0.11465946985347318,3.841458820694124,3.841458820694124,1.0,3.841458820694124,,46.701884999871254,46.701884999871254,,46.701884999871254,46.62364140013233,0.000520200002938509,,0.0007826997898519039,46.701884999871254,0.07694069994613528,,,46.62364140013233,,0.000520200002938509,,,,,,,,,,,,,,,,0.07,1.0,highs-ipm,33,4.238506745462391,4.502588500035927,6.757575757575758,3.7589340975687526,,,,,,,,,,False,False,False,False,,,,,,,,,,,,,,,,False,False,False,,ok; failed_alpha_points=0/11
dgp2,1000,500,0.1,0.5,0,3142077308398276958,dml_ivqr,0.6000000000000001,1.0,-0.3999999999999999,0.3999999999999999,0.15999999999999992,ok,False,True,,,-1.0,2.9931981397182277,3.002039550944742,False,True,True,False,True,8,0.7272727272727273,3,True,3.9931981397182277,-1.0,3.0,11,0.4,False,False,False,0,0.0,0.9306669166483532,4.942111789199445,0.9306669166483532,3.841458820694124,3.841458820694124,1.0,3.841458820694124,,46.58079030015506,46.58079030015506,,46.58079030015506,46.50245180004276,0.0008131000213325024,,0.0009924001060426235,46.58079030015506,0.07653299998492002,,,46.50245180004276,,0.0008131000213325024,,,,,,,,,,,,,,,,0.07,1.0,highs-ipm,33,4.227489163633436,4.569270200096071,8.212121212121213,2.9764575584337103,,,,,,,,,,False,False,False,False,,,,,,,,,,,,,,,,False,False,False,,ok; failed_alpha_points=0/11
dgp2,1000,500,0.1,0.5,1,255438275652740788,dml_ivqr,-0.19999999999999996,1.0,-1.2,1.2,1.44,ok,False,True,,,-1.0,3.0,4.0,False,True,True,True,True,11,1.0,1,False,4.0,-1.0,3.0,11,0.4,False,False,False,0,0.0,0.010578262455346559,3.3526200851187284,0.010578262455346559,3.841458820694124,3.841458820694124,1.0,3.841458820694124,,45.711957699852064,45.711957699852064,,45.711957699852064,45.632038299925625,0.0007731998339295387,,0.001065300079062581,45.711957699852064,0.07808090001344681,,,45.632038299925625,,0.0007731998339295387,,,,,,,,,,,,,,,,0.07,1.0,highs-ipm,33,4.148360327246007,4.311858699889854,8.181818181818182,4.637202111989846,,,,,,,,,,False,False,False,False,,,,,,,,,,,,,,,,False,False,False,,ok; failed_alpha_points=0/11
dgp2,1000,500,0.1,0.5,2,5152805869060750751,dml_ivqr,2.2,1.0,1.2000000000000002,1.2000000000000002,1.4400000000000004,ok,False,True,,,-1.0,3.0,4.0,False,True,True,True,True,11,1.0,1,False,4.0,-1.0,3.0,11,0.4,False,False,False,0,0.0,4.659896697392427e-05,1.6864803742708576,4.659896697392427e-05,3.841458820694124,3.841458820694124,1.0,3.841458820694124,,45.57469030003995,45.57469030003995,,45.57469030003995,45.503533399896696,0.0010120999068021774,,0.0008842002134770155,45.57469030003995,0.06926060002297163,,,45.503533399896696,,0.0010120999068021774,,,,,,,,,,,,,,,,0.07,1.0,highs-ipm,33,4.136678054611283,4.441550500225276,8.636363636363637,3.8605298391007064,,,,,,,,,,False,False,False,False,,,,,,,,,,,,,,,,False,False,False,,ok; failed_alpha_points=0/11
dgp2,1000,500,0.1,0.5,3,3098368629208354298,dml_ivqr,3.0,1.0,2.0,2.0,4.0,ok,False,True,,,-1.0,3.0,4.0,False,True,True,True,True,11,1.0,1,False,4.0,-1.0,3.0,11,0.4,False,True,True,0,0.0,0.004048656350025059,1.1682038014267977,0.004048656350025059,3.841458820694124,3.841458820694124,1.0,3.841458820694124,,34.27545019984245,34.27545019984245,,34.27545019984245,34.21106790006161,0.00043649994768202305,,0.0007847999222576618,34.27545019984245,0.06316099991090596,,,34.21106790006161,,0.00043649994768202305,,,,,,,,,,,,,,,,0.07,1.0,highs-ipm,33,3.1100917999759656,3.428419399773702,8.333333333333334,3.6147171190377416,,,,,,,,,,False,False,False,False,,,,,,,,,,,,,,,,False,False,False,,ok; failed_alpha_points=0/11
dgp2,1000,500,0.1,0.5,4,3163342545083436766,dml_ivqr,2.6,1.0,1.6,1.6,2.5600000000000005,ok,False,True,,,-1.0,3.0,4.0,False,True,True,True,True,11,1.0,1,False,4.0,-1.0,3.0,11,0.4,False,False,False,0,0.0,0.0002884409058779596,1.0138639661650979,0.0002884409058779596,3.841458820694124,3.841458820694124,1.0,3.841458820694124,,33.765230799792334,33.765230799792334,,33.765230799792334,33.67612680001184,0.0010761998128145933,,0.0009543998166918755,33.765230799792334,0.08707340015098453,,,33.67612680001184,,0.0010761998128145933,,,,,,,,,,,,,,,,0.07,1.0,highs-ipm,33,3.061459645459598,3.1810094001702964,7.9393939393939394,3.9661022321004418,,,,,,,,,,False,False,False,False,,,,,,,,,,,,,,,,False,False,False,,ok; failed_alpha_points=0/11
dgp2,1000,500,0.1,0.75,0,2453273005824051283,dml_ivqr,0.20000000000000018,1.6744897501960816,-1.4744897501960814,1.4744897501960814,2.1741200234333027,ok,False,True,,,-1.0,3.0,4.0,False,True,True,True,True,11,1.0,1,False,4.0,-1.0,3.0,11,0.4,False,False,False,0,0.0,0.08912541650193925,3.257316552775697,0.08912541650193925,3.841458820694124,3.841458820694124,1.0,3.841458820694124,,46.86646349984221,46.86646349984221,,46.86646349984221,46.78084779996425,0.0006363000720739365,,0.0007316998671740294,46.86646349984221,0.0842476999387145,,,46.78084779996425,,0.0006363000720739365,,,,,,,,,,,,,,,,0.07,1.0,highs-ipm,33,4.252797518179498,4.501440700143576,6.636363636363637,3.5493485066710755,,,,,,,,,,False,False,False,False,,,,,,,,,,,,,,,,False,False,False,,ok; failed_alpha_points=0/11
dgp2,1000,500,0.1,0.75,1,1368132879485589410,dml_ivqr,1.0,1.6744897501960816,-0.6744897501960816,0.6744897501960816,0.45493642311957255,ok,False,True,,,-1.0,3.0,4.0,False,True,True,True,True,11,1.0,1,False,4.0,-1.0,3.0,11,0.4,False,False,False,0,0.0,0.01020581547384899,1.4638659185448641,0.01020581547384899,3.841458820694124,3.841458820694124,1.0,3.841458820694124,,45.98029510001652,45.98029510001652,,45.98029510001652,45.89805469987914,0.0009620999917387962,,0.0010657000821083784,45.98029510001652,0.08021260006353259,,,45.89805469987914,,0.0009620999917387962,,,,,,,,,,,,,,,,0.07,1.0,highs-ipm,33,4.172543236371976,4.420884700026363,6.424242424242424,4.207448936292494,,,,,,,,,,False,False,False,False,,,,,,,,,,,,,,,,False,False,False,,ok; failed_alpha_points=0/11
dgp2,1000,500,0.1,0.75,2,6256780109891259845,dml_ivqr,2.6,1.6744897501960816,0.9255102498039185,0.9255102498039185,0.8565692224921116,ok,False,True,,,-1.0,3.0,4.0,False,True,True,True,True,11,1.0,1,False,4.0,-1.0,3.0,11,0.4,False,False,False,0,0.0,0.005151415834888818,1.7352408036325717,0.005151415834888818,3.841458820694124,3.841458820694124,1.0,3.841458820694124,,47.592210799921304,47.592210799921304,,47.592210799921304,47.50232130009681,0.0006015999242663383,,0.0010242997668683529,47.592210799921304,0.08826360013335943,,,47.50232130009681,,0.0006015999242663383,,,,,,,,,,,,,,,,0.07,1.0,highs-ipm,33,4.318385727280243,4.539029699983075,7.090909090909091,3.9168888703262716,,,,,,,,,,False,False,False,False,,,,,,,,,,,,,,,,False,False,False,,ok; failed_alpha_points=0/11
dgp2,1000,500,0.1,0.75,3,7927404926494615207,dml_ivqr,0.6000000000000001,1.6744897501960816,-1.0744897501960815,1.0744897501960815,1.1545282232764376,ok,False,True,,,-1.0,2.6566498570088055,3.6566498570088055,False,True,True,False,True,10,0.9090909090909091,1,False,3.6566498570088055,-1.0,3.0,11,0.4,False,False,False,0,0.0,1.412785657297372,9.593902853953557,1.412785657297372,3.841458820694124,3.841458820694124,1.0,3.841458820694124,,46.02439959999174,46.02439959999174,,46.02439959999174,45.94641240010969,0.0010905000381171703,,0.0010236999951303005,46.02439959999174,0.07587299984879792,,,45.94641240010969,,0.0010905000381171703,,,,,,,,,,,,,,,,0.07,1.0,highs-ipm,33,4.176939190958034,4.505178099963814,7.424242424242424,3.3522046863669757,,,,,,,,,,False,False,False,False,,,,,,,,,,,,,,,,False,False,False,,ok; failed_alpha_points=0/11
dgp2,1000,500,0.1,0.75,4,4207859021104667205,dml_ivqr,2.6,1.6744897501960816,0.9255102498039185,0.9255102498039185,0.8565692224921116,ok,False,True,,,-1.0,3.0,4.0,False,True,True,True,True,11,1.0,1,False,4.0,-1.0,3.0,11,0.4,False,False,False,0,0.0,0.003140779780511977,0.3861579960449732,0.003140779780511977,3.841458820694124,3.841458820694124,1.0,3.841458820694124,,46.16484720003791,46.16484720003791,,46.16484720003791,46.09363040002063,0.001234699971973896,,0.0011306002270430326,46.16484720003791,0.06885149981826544,,,46.09363040002063,,0.001234699971973896,,,,,,,,,,,,,,,,0.07,1.0,highs-ipm,33,4.190323454603045,4.372506800107658,6.151515151515151,3.18921894207836,,,,,,,,,,False,False,False,False,,,,,,,,,,,,,,,,False,False,False,,ok; failed_alpha_points=0/11
dgp2,1000,500,1.0,0.25,0,7494914058133643051,dml_ivqr,-0.6,0.3255102498039183,-0.9255102498039183,0.9255102498039183,0.8565692224921112,ok,False,True,,,-1.0,0.4538845332240186,1.4538845332240187,False,True,True,False,True,4,0.36363636363636365,1,False,1.4538845332240187,-1.0,3.0,11,0.4,False,False,False,0,0.0,0.016276347182761986,43.58506675543568,0.016276347182761986,3.841458820694124,3.841458820694124,1.0,3.841458820694124,,46.2023983001709,46.2023983001709,,46.2023983001709,46.1290846997872,0.0005338999908417463,,0.000696900300681591,46.2023983001709,0.0720828000921756,,,46.1290846997872,,0.0005338999908417463,,,,,,,,,,,,,,,,0.07,1.0,highs-ipm,33,4.1935471000192175,4.530364800011739,6.575757575757576,3.965830382602201,,,,,,,,,,False,False,False,False,,,,,,,,,,,,,,,,False,False,False,,ok; failed_alpha_points=0/11
dgp2,1000,500,1.0,0.25,1,4264187032322116053,dml_ivqr,0.20000000000000018,0.3255102498039183,-0.12551024980391812,0.12551024980391812,0.015752822805841928,ok,False,True,,,-0.6214300328735427,1.1640597992271848,1.7854898321007275,False,True,False,False,False,5,0.45454545454545453,1,False,1.7854898321007275,-1.0,3.0,11,0.4,False,False,False,0,0.0,0.14768047797167638,14.064216106391555,0.14768047797167638,3.841458820694124,3.841458820694124,1.0,3.841458820694124,,46.37581789982505,46.37581789982505,,46.37581789982505,46.303652100032195,0.0013292001094669104,,0.0011395998299121857,46.37581789982505,0.06969699985347688,,,46.303652100032195,,0.0013292001094669104,,,,,,,,,,,,,,,,0.07,1.0,highs-ipm,33,4.209414745448157,4.365059100091457,6.757575757575758,4.159310683788875,,,,,,,,,,False,False,False,False,,,,,,,,,,,,,,,,False,False,False,,ok; failed_alpha_points=0/11
dgp2,1000,500,1.0,0.25,2,3144824302101929593,dml_ivqr,1.0,0.3255102498039183,0.6744897501960817,0.6744897501960817,0.4549364231195727,ok,False,True,,,-1.0,2.9112838400831014,3.9112838400831014,False,True,True,False,True,10,0.9090909090909091,1,False,3.9112838400831014,-1.0,3.0,11,0.4,False,False,False,0,0.0,0.0006938390259973226,4.410362211847857,0.0006938390259973226,3.841458820694124,3.841458820694124,1.0,3.841458820694124,,46.07599200005643,46.07599200005643,,46.07599200005643,45.991753299953416,0.0005431000608950853,,0.0007743001915514469,46.07599200005643,0.08292129985056818,,,45.991753299953416,,0.0005431000608950853,,,,,,,,,,,,,,,,0.07,1.0,highs-ipm,33,4.181061654542149,4.3848218999337405,7.515151515151516,3.879499212564479,,,,,,,,,,False,False,False,False,,,,,,,,,,,,,,,,False,False,False,,ok; failed_alpha_points=0/11
dgp2,1000,500,1.0,0.25,3,153338911692169885,dml_ivqr,-0.6,0.3255102498039183,-0.9255102498039183,0.9255102498039183,0.8565692224921112,ok,False,True,,,-1.0,1.025444916658324,2.0254449166583237,False,True,True,False,True,6,0.5454545454545454,1,False,2.0254449166583237,-1.0,3.0,11,0.4,False,False,False,0,0.0,0.023733801087150376,22.50887559603061,0.023733801087150376,3.841458820694124,3.841458820694124,1.0,3.841458820694124,,33.31853019981645,33.31853019981645,,33.31853019981645,33.24782930011861,0.00102530000731349,,0.0009753997437655926,33.31853019981645,0.06870019994676113,,,33.24782930011861,,0.00102530000731349,,,,,,,,,,,,,,,,0.07,1.0,highs-ipm,33,3.0225226999556813,3.7035952999722213,6.696969696969697,3.255013873483931,,,,,,,,,,False,False,False,False,,,,,,,,,,,,,,,,False,False,False,,ok; failed_alpha_points=0/11
dgp2,1000,500,1.0,0.25,4,2483532955640449521,dml_ivqr,0.6000000000000001,0.3255102498039183,0.2744897501960818,0.2744897501960818,0.07534462296270739,ok,False,True,,,-0.5279740651205806,1.2655986147721396,1.7935726798927203,False,True,False,False,False,4,0.36363636363636365,1,False,1.7935726798927203,-1.0,3.0,11,0.4,False,False,False,0,0.0,0.05872569013746868,21.72809681229935,0.05872569013746868,3.841458820694124,3.841458820694124,1.0,3.841458820694124,,33.63793019996956,33.63793019996956,,33.63793019996956,33.569045200012624,0.00035310001112520695,,0.000584400026127696,33.63793019996956,0.06794749991968274,,,33.569045200012624,,0.00035310001112520695,,,,,,,,,,,,,,,,0.07,1.0,highs-ipm,33,3.051724509082057,3.4495486998930573,6.848484848484849,3.5535232427057495,,,,,,,,,,False,False,False,False,,,,,,,,,,,,,,,,False,False,False,,ok; failed_alpha_points=0/11
dgp2,1000,500,1.0,0.5,0,613425075805081680,dml_ivqr,1.0,1.0,0.0,0.0,0.0,ok,False,True,,,-0.6730604010423793,1.958805088858023,2.6318654899004024,False,True,False,False,False,7,0.6363636363636364,1,False,2.6318654899004024,-1.0,3.0,11,0.4,False,False,False,0,0.0,0.22044495604435646,7.555342181683027,0.22044495604435646,3.841458820694124,3.841458820694124,1.0,3.841458820694124,,45.904156000120565,45.904156000120565,,45.904156000120565,45.82272500009276,0.0005973000079393387,,0.001087399898096919,45.904156000120565,0.07974630012176931,,,45.82272500009276,,0.0005973000079393387,,,,,,,,,,,,,,,,0.07,1.0,highs-ipm,33,4.165694618153132,4.327316700015217,8.696969696969697,3.8776678758997427,,,,,,,,,,False,False,False,False,,,,,,,,,,,,,,,,False,False,False,,ok; failed_alpha_points=0/11
dgp2,1000,500,1.0,0.5,1,1303966623794445782,dml_ivqr,1.0,1.0,0.0,0.0,0.0,ok,False,True,,,0.2058487405192261,1.9467866275907144,1.7409378870714882,False,True,False,False,False,4,0.36363636363636365,1,False,1.7409378870714882,-1.0,3.0,11,0.4,False,False,False,0,0.0,0.032505615461895676,17.536128956644404,0.032505615461895676,3.841458820694124,3.841458820694124,1.0,3.841458820694124,,43.87495189998299,43.87495189998299,,43.87495189998299,43.79951320006512,0.0010738999117165804,,0.0009385999292135239,43.87495189998299,0.07342620007693768,,,43.79951320006512,,0.0010738999117165804,,,,,,,,,,,,,,,,0.07,1.0,highs-ipm,33,3.9817657454616646,4.136032599955797,8.0,3.4606872906029573,,,,,,,,,,False,False,False,False,,,,,,,,,,,,,,,,False,False,False,,ok; failed_alpha_points=0/11
dgp2,1000,500,1.0,0.5,2,3774163700434262699,dml_ivqr,1.0,1.0,0.0,0.0,0.0,ok,False,True,,,-0.14228720770254966,2.0920153729939153,2.2343025806964647,False,True,False,False,False,5,0.45454545454545453,1,False,2.2343025806964647,-1.0,3.0,11,0.4,False,False,False,0,0.0,0.00505865710287436,8.691255087280833,0.00505865710287436,3.841458820694124,3.841458820694124,1.0,3.841458820694124,,45.333354000002146,45.333354000002146,,45.333354000002146,45.24776820000261,0.0006048001814633608,,0.0008031998295336962,45.333354000002146,0.08417779998853803,,,45.24776820000261,,0.0006048001814633608,,,,,,,,,,,,,,,,0.07,1.0,highs-ipm,33,4.113426590825177,4.4268344999291,9.030303030303031,3.6542881906969042,,,,,,,,,,False,False,False,False,,,,,,,,,,,,,,,,False,False,False,,ok; failed_alpha_points=0/11
dgp2,1000,500,1.0,0.5,3,789760061914161796,dml_ivqr,0.6000000000000001,1.0,-0.3999999999999999,0.3999999999999999,0.15999999999999992,ok,False,True,,,0.28104543444682867,1.3317933769712325,1.0507479425244037,False,True,False,False,False,2,0.18181818181818182,1,False,1.0507479425244037,-1.0,3.0,11,0.4,False,False,False,0,0.0,0.08722726063094265,16.868650268335244,0.08722726063094265,3.841458820694124,3.841458820694124,1.0,3.841458820694124,,44.908144699875265,44.908144699875265,,44.908144699875265,44.84391890000552,0.0006625000387430191,,0.0008088997565209866,44.908144699875265,0.06275440007448196,,,44.84391890000552,,0.0006625000387430191,,,,,,,,,,,,,,,,0.07,1.0,highs-ipm,33,4.076712290904569,4.287850300082937,8.575757575757576,4.431262746951112,,,,,,,,,,False,False,False,False,,,,,,,,,,,,,,,,False,False,False,,ok; failed_alpha_points=0/11
dgp2,1000,500,1.0,0.5,4,8012009700526560919,dml_ivqr,0.6000000000000001,1.0,-0.3999999999999999,0.3999999999999999,0.15999999999999992,ok,False,True,,,-0.5535031558599495,1.2351386417209147,1.7886417975808642,False,True,False,False,False,4,0.36363636363636365,1,False,1.7886417975808642,-1.0,3.0,11,0.4,False,False,False,0,0.0,0.00015006078489665953,26.926073541924215,0.00015006078489665953,3.841458820694124,3.841458820694124,1.0,3.841458820694124,,44.98628420010209,44.98628420010209,,44.98628420010209,44.919797299895436,0.000534699996933341,,0.0007631001062691212,44.98628420010209,0.0651891001034528,,,44.919797299895436,,0.000534699996933341,,,,,,,,,,,,,,,,0.07,1.0,highs-ipm,33,4.083611181831326,4.247536400100216,7.848484848484849,3.36507477884072,,,,,,,,,,False,False,False,False,,,,,,,,,,,,,,,,False,False,False,,ok; failed_alpha_points=0/11
dgp2,1000,500,1.0,0.75,0,4422478086879245279,dml_ivqr,2.2,1.6744897501960816,0.5255102498039186,0.5255102498039186,0.2761610226489769,ok,False,True,,,1.1284978680154318,3.0,1.8715021319845682,False,True,False,True,True,5,0.45454545454545453,1,False,1.8715021319845682,-1.0,3.0,11,0.4,False,False,False,0,0.0,0.03564545153459557,17.072287788347726,0.03564545153459557,3.841458820694124,3.841458820694124,1.0,3.841458820694124,,45.2623207999859,45.2623207999859,,45.2623207999859,45.17315140017308,0.0012151999399065971,,0.0012903998140245676,45.2623207999859,0.08666380005888641,,,45.17315140017308,,0.0012151999399065971,,,,,,,,,,,,,,,,0.07,1.0,highs-ipm,33,4.106643299974332,4.2305594000499696,6.9393939393939394,3.576653361421385,,,,,,,,,,False,False,False,False,,,,,,,,,,,,,,,,False,False,False,,ok; failed_alpha_points=0/11
dgp2,1000,500,1.0,0.75,1,9102435842723502684,dml_ivqr,1.0,1.6744897501960816,-0.6744897501960816,0.6744897501960816,0.45493642311957255,ok,False,True,,,-1.0,1.8187165254524906,2.8187165254524906,False,True,True,False,True,8,0.7272727272727273,1,False,2.8187165254524906,-1.0,3.0,11,0.4,False,False,False,0,0.0,0.04527453267247899,14.843224960495458,0.04527453267247899,3.841458820694124,3.841458820694124,1.0,3.841458820694124,,46.33777579991147,46.33777579991147,,46.33777579991147,46.25987869990058,0.0005109000485390425,,0.0006533998530358076,46.33777579991147,0.07673280010931194,,,46.25987869990058,,0.0005109000485390425,,,,,,,,,,,,,,,,0.07,1.0,highs-ipm,33,4.205436518182978,4.479549600044265,6.636363636363637,3.5279804020858916,,,,,,,,,,False,False,False,False,,,,,,,,,,,,,,,,False,False,False,,ok; failed_alpha_points=0/11
dgp2,1000,500,1.0,0.75,2,3355516461532350496,dml_ivqr,0.6000000000000001,1.6744897501960816,-1.0744897501960815,1.0744897501960815,1.1545282232764376,ok,False,True,,,-1.0,1.1560574354964188,2.156057435496419,False,False,True,False,True,6,0.5454545454545454,1,False,2.156057435496419,-1.0,3.0,11,0.4,False,False,False,0,0.0,0.010471849744814547,12.910870621596679,0.010471849744814547,3.841458820694124,3.841458820694124,1.0,3.841458820694124,,45.48924370016903,45.48924370016903,,45.48924370016903,45.41438110009767,0.0008443000260740519,,0.0010360998567193747,45.48924370016903,0.07298220018856227,,,45.41438110009767,,0.0008443000260740519,,,,,,,,,,,,,,,,0.07,1.0,highs-ipm,33,4.128572654508224,4.356754599837586,6.666666666666667,3.8165434972150654,,,,,,,,,,False,False,False,False,,,,,,,,,,,,,,,,False,False,False,,ok; failed_alpha_points=0/11
dgp2,1000,500,1.0,0.75,3,65098115138490809,dml_ivqr,1.0,1.6744897501960816,-0.6744897501960816,0.6744897501960816,0.45493642311957255,ok,False,True,,,-0.3450265347798268,2.5843093603873966,2.9293358951672235,False,True,False,False,False,7,0.6363636363636364,1,False,2.9293358951672235,-1.0,3.0,11,0.4,False,False,False,0,0.0,0.19143731333302644,6.526145063872977,0.19143731333302644,3.841458820694124,3.841458820694124,1.0,3.841458820694124,,33.88908049999736,33.88908049999736,,33.88908049999736,33.8054078000132,0.00041639991104602814,,0.000890000257641077,33.88908049999736,0.08236629981547594,,,33.8054078000132,,0.00041639991104602814,,,,,,,,,,,,,,,,0.07,1.0,highs-ipm,33,3.0732123091689902,3.892173800151795,7.03030303030303,4.07920268564142,,,,,,,,,,False,False,False,False,,,,,,,,,,,,,,,,False,False,False,,ok; failed_alpha_points=0/11
dgp2,1000,500,1.0,0.75,4,6100065189767148365,dml_ivqr,1.8000000000000003,1.6744897501960816,0.12551024980391867,0.12551024980391867,0.015752822805842066,ok,False,True,,,-0.6219026242562784,2.785510222465938,3.4074128467222167,False,True,False,False,False,9,0.8181818181818182,1,False,3.4074128467222167,-1.0,3.0,11,0.4,False,False,False,0,0.0,0.0007379261742837061,5.71687775952226,0.0007379261742837061,3.841458820694124,3.841458820694124,1.0,3.841458820694124,,33.36892059980892,33.36892059980892,,33.36892059980892,33.286552499979734,0.0009576999582350254,,0.0009858999401330948,33.36892059980892,0.08042449993081391,,,33.286552499979734,,0.0009576999582350254,,,,,,,,,,,,,,,,0.07,1.0,highs-ipm,33,3.02604430003769,3.4058223001193255,6.242424242424242,4.2699024330267,,,,,,,,,,False,False,False,False,,,,,,,,,,,,,,,,False,False,False,,ok; failed_alpha_points=0/11
dgp3,500,500,0.1,0.25,0,8962692806246684555,dml_ivqr,-0.19999999999999996,0.4371107912105866,-0.6371107912105866,0.6371107912105866,0.4059101602769796,ok,False,True,,,-1.0,3.0,4.0,False,True,True,True,True,11,1.0,1,False,4.0,-1.0,3.0,11,0.4,False,False,False,0,0.0,0.0010215490289266719,3.5658818669040477,0.0010215490289266719,3.841458820694124,3.841458820694124,1.0,3.841458820694124,,20.020173399941996,20.020173399941996,,20.020173399941996,19.97484859987162,0.0008738997858017683,,0.0007774003315716982,20.020173399941996,0.04367349995300174,,,19.97484859987162,,0.0008738997858017683,,,,,,,,,,,,,,,,0.07,1.0,highs-ipm,33,1.8158884545449505,2.042086200090125,3.696969696969697,3.0569191772014332,,,,,,,,,,False,False,False,False,,,,,,,,,,,,,,,,False,False,False,,ok; failed_alpha_points=0/11
dgp3,500,500,0.1,0.25,1,878381739075892051,dml_ivqr,0.6000000000000001,0.4371107912105866,0.1628892087894135,0.1628892087894135,0.02653289434004114,ok,False,True,,,-1.0,3.0,4.0,False,True,True,True,True,11,1.0,1,False,4.0,-1.0,3.0,11,0.4,False,False,False,0,0.0,0.005630499022081732,1.1875767316832002,0.005630499022081732,3.841458820694124,3.841458820694124,1.0,3.841458820694124,,20.324381400132552,20.324381400132552,,20.324381400132552,20.281384599860758,0.0010631999466568232,,0.0007673001382499933,20.324381400132552,0.04116630018688738,,,20.281384599860758,,0.0010631999466568232,,,,,,,,,,,,,,,,0.07,1.0,highs-ipm,33,1.8437549817926167,1.9618281000293791,4.666666666666667,3.919669905048199,,,,,,,,,,False,False,False,False,,,,,,,,,,,,,,,,False,False,False,,ok; failed_alpha_points=0/11
dgp3,500,500,0.1,0.25,2,3186694057925922058,dml_ivqr,1.4000000000000004,0.4371107912105866,0.9628892087894138,0.9628892087894138,0.9271556284031033,ok,False,True,,,-1.0,3.0,4.0,False,True,True,True,True,11,1.0,1,False,4.0,-1.0,3.0,11,0.4,False,False,False,0,0.0,0.00514162792062517,0.35755398195482657,0.00514162792062517,3.841458820694124,3.841458820694124,1.0,3.841458820694124,,19.389448600122705,19.389448600122705,,19.389448600122705,19.346315999981016,0.0005477999802678823,,0.000505700008943677,19.389448600122705,0.04207910015247762,,,19.346315999981016,,0.0005477999802678823,,,,,,,,,,,,,,,,0.07,1.0,highs-ipm,33,1.7587496272118932,1.8460787998046726,3.1515151515151514,2.8823596573514045,,,,,,,,,,False,False,False,False,,,,,,,,,,,,,,,,False,False,False,,ok; failed_alpha_points=0/11
dgp3,500,500,0.1,0.25,3,6048021204621849513,dml_ivqr,1.4000000000000004,0.4371107912105866,0.9628892087894138,0.9628892087894138,0.9271556284031033,ok,False,True,,,-1.0,3.0,4.0,False,True,True,True,True,11,1.0,1,False,4.0,-1.0,3.0,11,0.4,False,False,False,0,0.0,0.20012679162924318,3.5729411888432816,0.20012679162924318,3.841458820694124,3.841458820694124,1.0,3.841458820694124,,19.90458169998601,19.90458169998601,,19.90458169998601,19.861720300046727,0.001033599954098463,,0.0006782999262213707,19.90458169998601,0.041149500058963895,,,19.861720300046727,,0.001033599954098463,,,,,,,,,,,,,,,,0.07,1.0,highs-ipm,33,1.8056041363584385,1.9619422999676317,5.03030303030303,3.5255884873936623,,,,,,,,,,False,False,False,False,,,,,,,,,,,,,,,,False,False,False,,ok; failed_alpha_points=0/11
dgp3,500,500,0.1,0.25,4,4279559776599909095,dml_ivqr,1.8000000000000003,0.4371107912105866,1.3628892087894138,1.3628892087894138,1.8574669954346343,ok,False,True,,,-1.0,3.0,4.0,False,True,True,True,True,11,1.0,1,False,4.0,-1.0,3.0,11,0.4,False,False,False,0,0.0,0.0016018664243530457,1.7979339908291834,0.0016018664243530457,3.841458820694124,3.841458820694124,1.0,3.841458820694124,,19.821028199978173,19.821028199978173,,19.821028199978173,19.78932400001213,0.0005218000151216984,,0.00045759999193251133,19.821028199978173,0.030724799958989024,,,19.78932400001213,,0.0005218000151216984,,,,,,,,,,,,,,,,0.07,1.0,highs-ipm,33,1.7990233727138152,1.9625718998722732,4.545454545454546,3.3557712021010135,,,,,,,,,,False,False,False,False,,,,,,,,,,,,,,,,False,False,False,,ok; failed_alpha_points=0/11
dgp3,500,500,0.1,0.5,0,5096860276508317219,dml_ivqr,3.0,1.0,2.0,2.0,4.0,ok,False,True,,,-1.0,3.0,4.0,False,True,True,True,True,11,1.0,1,False,4.0,-1.0,3.0,11,0.4,False,True,True,0,0.0,0.21341900786140688,3.375139558514859,0.21341900786140688,3.841458820694124,3.841458820694124,1.0,3.841458820694124,,21.01348860003054,21.01348860003054,,21.01348860003054,20.96800179989077,0.0004789999220520258,,0.00047730025835335255,21.01348860003054,0.04453049995936453,,,20.96800179989077,,0.0004789999220520258,,,,,,,,,,,,,,,,0.07,1.0,highs-ipm,33,1.9061752182050524,2.0461993999779224,6.393939393939394,3.1188370717382807,,,,,,,,,,False,False,False,False,,,,,,,,,,,,,,,,False,False,False,,ok; failed_alpha_points=0/11
dgp3,500,500,0.1,0.5,1,8192343712342601846,dml_ivqr,2.2,1.0,1.2000000000000002,1.2000000000000002,1.4400000000000004,ok,False,True,,,-1.0,3.0,4.0,False,True,True,True,True,11,1.0,1,False,4.0,-1.0,3.0,11,0.4,False,False,False,0,0.0,0.0030021479520638793,1.0770838763904813,0.0030021479520638793,3.841458820694124,3.841458820694124,1.0,3.841458820694124,,20.061574100051075,20.061574100051075,,20.061574100051075,20.015172499930486,0.0011187999043613672,,0.000947700347751379,20.061574100051075,0.04433509986847639,,,20.015172499930486,,0.0011187999043613672,,,,,,,,,,,,,,,,0.07,1.0,highs-ipm,33,1.819554781774059,2.0689340999815613,7.545454545454546,3.564814764622819,,,,,,,,,,False,False,False,False,,,,,,,,,,,,,,,,False,False,False,,ok; failed_alpha_points=0/11
dgp3,500,500,0.1,0.5,2,4847501513757347389,dml_ivqr,-1.0,1.0,-2.0,2.0,4.0,ok,False,True,,,-1.0,3.0,4.0,False,True,True,True,True,11,1.0,1,False,4.0,-1.0,3.0,11,0.4,True,False,True,0,0.0,0.004984100244423616,3.4990513689789493,0.004984100244423616,3.841458820694124,3.841458820694124,1.0,3.841458820694124,,20.337804599897936,20.337804599897936,,20.337804599897936,20.294463299913332,0.0012570999097079039,,0.000732900109142065,20.337804599897936,0.04135129996575415,,,20.294463299913332,,0.0012570999097079039,,,,,,,,,,,,,,,,0.07,1.0,highs-ipm,33,1.844944445500997,2.106423000106588,7.848484848484849,3.272799984984649,,,,,,,,,,False,False,False,False,,,,,,,,,,,,,,,,False,False,False,,ok; failed_alpha_points=0/11
dgp3,500,500,0.1,0.5,3,3586169818052898834,dml_ivqr,1.4000000000000004,1.0,0.40000000000000036,0.40000000000000036,0.16000000000000028,ok,False,True,,,-1.0,3.0,4.0,False,True,True,True,True,11,1.0,1,False,4.0,-1.0,3.0,11,0.4,False,False,False,0,0.0,0.03497022725393997,1.138600203620835,0.03497022725393997,3.841458820694124,3.841458820694124,1.0,3.841458820694124,,14.730349299963564,14.730349299963564,,14.730349299963564,14.69554809993133,0.0010587000288069248,,0.0006838000845164061,14.730349299963564,0.03305869991891086,,,14.69554809993133,,0.0010587000288069248,,,,,,,,,,,,,,,,0.07,1.0,highs-ipm,33,1.3359460545576771,1.773825499927625,7.848484848484849,2.928323183102645,,,,,,,,,,False,False,False,False,,,,,,,,,,,,,,,,False,False,False,,ok; failed_alpha_points=0/11
dgp3,500,500,0.1,0.5,4,4990579672100392532,dml_ivqr,2.2,1.0,1.2000000000000002,1.2000000000000002,1.4400000000000004,ok,False,True,,,-1.0,3.0,4.0,False,True,True,True,True,11,1.0,1,False,4.0,-1.0,3.0,11,0.4,False,False,False,0,0.0,6.93371885473829e-05,2.205690784047946,6.93371885473829e-05,3.841458820694124,3.841458820694124,1.0,3.841458820694124,,14.74386450019665,14.74386450019665,,14.74386450019665,14.708406300051138,0.001115499995648861,,0.000730500090867281,14.74386450019665,0.03361220005899668,,,14.708406300051138,,0.001115499995648861,,,,,,,,,,,,,,,,0.07,1.0,highs-ipm,33,1.3371206636286594,1.5566100000869483,8.666666666666666,2.926117710342504,,,,,,,,,,False,False,False,False,,,,,,,,,,,,,,,,False,False,False,,ok; failed_alpha_points=0/11
dgp3,500,500,0.1,0.75,0,8293271744565677956,dml_ivqr,2.6,1.5628892087894135,1.0371107912105866,1.0371107912105866,1.075598793245449,ok,False,True,,,-1.0,3.0,4.0,False,True,True,True,True,11,1.0,1,False,4.0,-1.0,3.0,11,0.4,False,False,False,0,0.0,0.09578644332903215,1.0898379512921088,0.09578644332903215,3.841458820694124,3.841458820694124,1.0,3.841458820694124,,19.80505679990165,19.80505679990165,,19.80505679990165,19.76574519998394,0.0008572000078856945,,0.0006881998851895332,19.80505679990165,0.0377662000246346,,,19.76574519998394,,0.0008572000078856945,,,,,,,,,,,,,,,,0.07,1.0,highs-ipm,33,1.7968790454535999,2.007216600002721,5.151515151515151,3.7039917008959846,,,,,,,,,,False,False,False,False,,,,,,,,,,,,,,,,False,False,False,,ok; failed_alpha_points=0/11
dgp3,500,500,0.1,0.75,1,4015451220394983450,dml_ivqr,0.20000000000000018,1.5628892087894135,-1.3628892087894133,1.3628892087894133,1.857466995434633,ok,False,True,,,-1.0,3.0,4.0,False,True,True,True,True,11,1.0,1,False,4.0,-1.0,3.0,11,0.4,False,False,False,0,0.0,7.46195727624175e-05,0.4351991840795275,7.46195727624175e-05,3.841458820694124,3.841458820694124,1.0,3.841458820694124,,20.551120500080287,20.551120500080287,,20.551120500080287,20.509076199959964,0.0005540000274777412,,0.0007955001201480627,20.551120500080287,0.04069479997269809,,,20.509076199959964,,0.0005540000274777412,,,,,,,,,,,,,,,,0.07,1.0,highs-ipm,33,1.864454363684424,1.9908350000623614,3.484848484848485,2.8888814765313686,,,,,,,,,,False,False,False,False,,,,,,,,,,,,,,,,False,False,False,,ok; failed_alpha_points=0/11
dgp3,500,500,0.1,0.75,2,8964825633143125547,dml_ivqr,-0.6,1.5628892087894135,-2.1628892087894136,2.1628892087894136,4.678089729497696,ok,False,True,,,-1.0,3.0,4.0,False,True,True,True,True,11,1.0,1,False,4.0,-1.0,3.0,11,0.4,False,False,False,0,0.0,0.020101363812394198,0.4565977968561354,0.020101363812394198,3.841458820694124,3.841458820694124,1.0,3.841458820694124,,18.824149699881673,18.824149699881673,,18.824149699881673,18.78460230003111,0.0005660001188516617,,0.0006009996868669987,18.824149699881673,0.038380400044843554,,,18.78460230003111,,0.0005660001188516617,,,,,,,,,,,,,,,,0.07,1.0,highs-ipm,33,1.7076853546102277,1.9659408000297844,3.606060606060606,3.1307041936284903,,,,,,,,,,False,False,False,False,,,,,,,,,,,,,,,,False,False,False,,ok; failed_alpha_points=0/11
dgp3,500,500,0.1,0.75,3,4212851455359836182,dml_ivqr,3.0,1.5628892087894135,1.4371107912105865,1.4371107912105865,2.065287426213918,ok,False,True,,,0.44476258870634416,3.0,2.555237411293656,False,True,False,True,True,7,0.6363636363636364,1,False,2.555237411293656,-1.0,3.0,11,0.4,False,True,True,0,0.0,0.03637470056850225,5.471165757744463,0.03637470056850225,3.841458820694124,3.841458820694124,1.0,3.841458820694124,,20.187055899994448,20.187055899994448,,20.187055899994448,20.14956540009007,0.0008219999726861715,,0.000592599855735898,20.187055899994448,0.03607590007595718,,,20.14956540009007,,0.0008219999726861715,,,,,,,,,,,,,,,,0.07,1.0,highs-ipm,33,1.831763890910555,1.965711300028488,3.9696969696969697,2.6623569215693443,,,,,,,,,,False,False,False,False,,,,,,,,,,,,,,,,False,False,False,,ok; failed_alpha_points=0/11
dgp3,500,500,0.1,0.75,4,2735797321460428186,dml_ivqr,-1.0,1.5628892087894135,-2.5628892087894135,2.5628892087894135,6.568401096529226,ok,False,True,,,-1.0,2.079303368008629,3.079303368008629,False,True,True,False,True,8,0.7272727272727273,1,False,3.079303368008629,-1.0,3.0,11,0.4,True,False,True,0,0.0,0.03046670814370642,7.094069922362299,0.03046670814370642,3.841458820694124,3.841458820694124,1.0,3.841458820694124,,19.88332389993593,19.88332389993593,,19.88332389993593,19.84594519995153,0.0012571001425385475,,0.0008192998357117176,19.88332389993593,0.0353023000061512,,,19.84594519995153,,0.0012571001425385475,,,,,,,,,,,,,,,,0.07,1.0,highs-ipm,33,1.8041701817842708,1.9669347999151796,4.0606060606060606,3.023342470025348,,,,,,,,,,False,False,False,False,,,,,,,,,,,,,,,,False,False,False,,ok; failed_alpha_points=0/11
dgp3,500,500,1.0,0.25,0,9221233479093674544,dml_ivqr,1.4000000000000004,0.4371107912105866,0.9628892087894138,0.9628892087894138,0.9271556284031033,ok,False,True,,,-0.8563604311010956,2.177304514318686,3.033664945419782,False,True,False,False,False,7,0.6363636363636364,1,False,3.033664945419782,-1.0,3.0,11,0.4,False,False,False,0,0.0,0.021391058866720377,9.242264677332377,0.021391058866720377,3.841458820694124,3.841458820694124,1.0,3.841458820694124,,19.49688640004024,19.49688640004024,,19.49688640004024,19.463444900000468,0.0008572000078856945,,0.0005630000960081816,19.49688640004024,0.03202129993587732,,,19.463444900000468,,0.0008572000078856945,,,,,,,,,,,,,,,,0.07,1.0,highs-ipm,33,1.7693972908891737,1.993282200070098,3.0,3.298671527467081,,,,,,,,,,False,False,False,False,,,,,,,,,,,,,,,,False,False,False,,ok; failed_alpha_points=0/11
dgp3,500,500,1.0,0.25,1,2386758819254324473,dml_ivqr,1.8000000000000003,0.4371107912105866,1.3628892087894138,1.3628892087894138,1.8574669954346343,ok,False,True,,,1.1233563622973413,2.962697524304525,1.8393411620071838,False,False,False,False,False,4,0.36363636363636365,1,False,1.8393411620071838,-1.0,3.0,11,0.4,False,False,False,0,0.0,0.06077997577834937,13.117455374627893,0.06077997577834937,3.841458820694124,3.841458820694124,1.0,3.841458820694124,,20.324846600182354,20.324846600182354,,20.324846600182354,20.286830299999565,0.0011445998679846525,,0.0008908002637326717,20.324846600182354,0.03598090005107224,,,20.286830299999565,,0.0011445998679846525,,,,,,,,,,,,,,,,0.07,1.0,highs-ipm,33,1.8442491545045578,1.9793840998318046,4.484848484848484,2.846287160741321,,,,,,,,,,False,False,False,False,,,,,,,,,,,,,,,,False,False,False,,ok; failed_alpha_points=0/11
dgp3,500,500,1.0,0.25,2,5754345876796135565,dml_ivqr,-0.6,0.4371107912105866,-1.0371107912105866,1.0371107912105866,1.075598793245449,ok,False,True,,,-1.0,0.39936772867220627,1.3993677286722064,False,False,True,False,True,4,0.36363636363636365,1,False,1.3993677286722064,-1.0,3.0,11,0.4,False,False,False,0,0.0,0.01651710591893657,12.801437310221488,0.01651710591893657,3.841458820694124,3.841458820694124,1.0,3.841458820694124,,20.268152799922973,20.268152799922973,,20.268152799922973,20.22330079996027,0.0007354000117629766,,0.0006717999931424856,20.268152799922973,0.04344479995779693,,,20.22330079996027,,0.0007354000117629766,,,,,,,,,,,,,,,,0.07,1.0,highs-ipm,33,1.8384753454222598,2.0040371001232415,3.8181818181818183,3.170602383121157,,,,,,,,,,False,False,False,False,,,,,,,,,,,,,,,,False,False,False,,ok; failed_alpha_points=0/11
dgp3,500,500,1.0,0.25,3,7898649420127403032,dml_ivqr,-1.0,0.4371107912105866,-1.4371107912105865,1.4371107912105865,2.065287426213918,ok,False,True,,,-1.0,0.39856359009053244,1.3985635900905324,False,False,True,False,True,4,0.36363636363636365,1,False,1.3985635900905324,-1.0,3.0,11,0.4,True,False,True,0,0.0,0.2730953926124449,26.22914648524523,0.2730953926124449,3.841458820694124,3.841458820694124,1.0,3.841458820694124,,16.41174630005844,16.41174630005844,,16.41174630005844,16.375097900163382,0.00035339989699423313,,0.0004517999477684498,16.41174630005844,0.0358432000502944,,,16.375097900163382,,0.00035339989699423313,,,,,,,,,,,,,,,,0.07,1.0,highs-ipm,33,1.4886399454606527,1.86228229990229,4.212121212121212,3.2493894602560824,,,,,,,,,,False,False,False,False,,,,,,,,,,,,,,,,False,False,False,,ok; failed_alpha_points=0/11
dgp3,500,500,1.0,0.25,4,6185770320345766154,dml_ivqr,0.6000000000000001,0.4371107912105866,0.1628892087894135,0.1628892087894135,0.02653289434004114,ok,False,True,,,-0.9946542488198814,1.3989847336517482,2.3936389824716295,False,True,False,False,False,5,0.45454545454545453,1,False,2.3936389824716295,-1.0,3.0,11,0.4,False,False,False,0,0.0,0.014927434325647021,14.487919002416586,0.014927434325647021,3.841458820694124,3.841458820694124,1.0,3.841458820694124,,15.755892400164157,15.755892400164157,,15.755892400164157,15.706269899848849,0.0009592999704182148,,0.0009261004161089659,15.755892400164157,0.04773709992878139,,,15.706269899848849,,0.0009592999704182148,,,,,,,,,,,,,,,,0.07,1.0,highs-ipm,33,1.4278349454133688,1.7166615999303758,3.393939393939394,3.5832543181996486,,,,,,,,,,False,False,False,False,,,,,,,,,,,,,,,,False,False,False,,ok; failed_alpha_points=0/11
dgp3,500,500,1.0,0.5,0,6128499459895615928,dml_ivqr,1.4000000000000004,1.0,0.40000000000000036,0.40000000000000036,0.16000000000000028,ok,False,True,,,0.5386982664220175,2.038291518533902,1.4995932521118847,False,True,False,False,False,4,0.36363636363636365,1,False,1.4995932521118847,-1.0,3.0,11,0.4,False,False,False,0,0.0,0.0021286948072017317,25.424904294264135,0.0021286948072017317,3.841458820694124,3.841458820694124,1.0,3.841458820694124,,20.999326100107282,20.999326100107282,,20.999326100107282,20.943411299958825,0.0005661998875439167,,0.0007112002931535244,20.999326100107282,0.05463739996775985,,,20.943411299958825,,0.0005661998875439167,,,,,,,,,,,,,,,,0.07,1.0,highs-ipm,33,1.9039401908997784,2.0006984998472035,7.909090909090909,3.8574793631631485,,,,,,,,,,False,False,False,False,,,,,,,,,,,,,,,,False,False,False,,ok; failed_alpha_points=0/11
dgp3,500,500,1.0,0.5,1,4607043425603737191,dml_ivqr,1.4000000000000004,1.0,0.40000000000000036,0.40000000000000036,0.16000000000000028,ok,False,True,,,0.7624377048962657,2.356910907656357,1.5944732027600912,False,True,False,False,False,4,0.36363636363636365,1,False,1.5944732027600912,-1.0,3.0,11,0.4,False,False,False,0,0.0,0.08079466126014737,27.513485216640646,0.08079466126014737,3.841458820694124,3.841458820694124,1.0,3.841458820694124,,20.095498699927703,20.095498699927703,,20.095498699927703,20.044929299969226,0.0009389000479131937,,0.0010507998522371054,20.095498699927703,0.048579700058326125,,,20.044929299969226,,0.0009389000479131937,,,,,,,,,,,,,,,,0.07,1.0,highs-ipm,33,1.8222593727140604,1.957508600084111,8.666666666666666,2.944622978292309,,,,,,,,,,False,False,False,False,,,,,,,,,,,,,,,,False,False,False,,ok; failed_alpha_points=0/11
dgp3,500,500,1.0,0.5,2,3461324568280944803,dml_ivqr,0.6000000000000001,1.0,-0.3999999999999999,0.3999999999999999,0.15999999999999992,ok,False,True,,,-0.12957526594924923,1.807073878871194,1.9366491448204433,False,True,False,False,False,5,0.45454545454545453,1,False,1.9366491448204433,-1.0,3.0,11,0.4,False,False,False,0,0.0,0.20497024554402518,26.110153585402735,0.20497024554402518,3.841458820694124,3.841458820694124,1.0,3.841458820694124,,20.356105300132185,20.356105300132185,,20.356105300132185,20.306098300032318,0.0009489001240581274,,0.0007454999722540379,20.356105300132185,0.04831260000355542,,,20.306098300032318,,0.0009489001240581274,,,,,,,,,,,,,,,,0.07,1.0,highs-ipm,33,1.8460023181978613,1.959849099861458,7.363636363636363,2.6634708731883254,,,,,,,,,,False,False,False,False,,,,,,,,,,,,,,,,False,False,False,,ok; failed_alpha_points=0/11
dgp3,500,500,1.0,0.5,3,5124287608413333276,dml_ivqr,1.0,1.0,0.0,0.0,0.0,ok,False,True,,,0.19544903175643313,2.53505001397835,2.339600982221917,False,True,False,False,False,6,0.5454545454545454,1,False,2.339600982221917,-1.0,3.0,11,0.4,False,False,False,0,0.0,0.037369423165916626,19.287420044154775,0.037369423165916626,3.841458820694124,3.841458820694124,1.0,3.841458820694124,,19.68608730006963,19.68608730006963,,19.68608730006963,19.64331359998323,0.0005512000061571598,,0.0005173000972718,19.68608730006963,0.04170519998297095,,,19.64331359998323,,0.0005512000061571598,,,,,,,,,,,,,,,,0.07,1.0,highs-ipm,33,1.7857498363803395,1.9738193000666797,7.03030303030303,2.681868453630711,,,,,,,,,,False,False,False,False,,,,,,,,,,,,,,,,False,False,False,,ok; failed_alpha_points=0/11
dgp3,500,500,1.0,0.5,4,4173979281811700474,dml_ivqr,0.20000000000000018,1.0,-0.7999999999999998,0.7999999999999998,0.6399999999999997,ok,False,True,,,-0.367839033608508,1.3650410633781023,1.7328800969866103,False,True,False,False,False,4,0.36363636363636365,1,False,1.7328800969866103,-1.0,3.0,11,0.4,False,False,False,0,0.0,0.2319365878505831,22.98233347947628,0.2319365878505831,3.841458820694124,3.841458820694124,1.0,3.841458820694124,,20.43753320001997,20.43753320001997,,20.43753320001997,20.397627800004557,0.0013931000139564276,,0.0008648999501019716,20.43753320001997,0.03764740005135536,,,20.397627800004557,,0.0013931000139564276,,,,,,,,,,,,,,,,0.07,1.0,highs-ipm,33,1.8543233454058117,2.0995415998622775,8.878787878787879,4.3562913271228885,,,,,,,,,,False,False,False,False,,,,,,,,,,,,,,,,False,False,False,,ok; failed_alpha_points=0/11
dgp3,500,500,1.0,0.75,0,9009700001047700955,dml_ivqr,0.6000000000000001,1.5628892087894135,-0.9628892087894134,0.9628892087894134,0.9271556284031026,ok,False,True,,,0.008199691344191462,2.6155338106016015,2.60733411925741,False,True,False,False,False,7,0.6363636363636364,1,False,2.60733411925741,-1.0,3.0,11,0.4,False,False,False,0,0.0,0.04193898930814533,6.933149574573468,0.04193898930814533,3.841458820694124,3.841458820694124,1.0,3.841458820694124,,19.772957499837503,19.772957499837503,,19.772957499837503,19.732120200060308,0.0008437000215053558,,0.000640099635347724,19.772957499837503,0.03935350012034178,,,19.732120200060308,,0.0008437000215053558,,,,,,,,,,,,,,,,0.07,1.0,highs-ipm,33,1.7938232909761032,2.0026273000985384,4.454545454545454,3.5369476258129406,,,,,,,,,,False,False,False,False,,,,,,,,,,,,,,,,False,False,False,,ok; failed_alpha_points=0/11
dgp3,500,500,1.0,0.75,1,6451773811329694645,dml_ivqr,1.4000000000000004,1.5628892087894135,-0.16288920878941315,0.16288920878941315,0.02653289434004103,ok,False,True,,,0.4452293535220604,2.2378932588495863,1.792663905327526,False,True,False,False,False,5,0.45454545454545453,1,False,1.792663905327526,-1.0,3.0,11,0.4,False,False,False,0,0.0,7.493121358555186e-05,14.26495296737736,7.493121358555186e-05,3.841458820694124,3.841458820694124,1.0,3.841458820694124,,19.546176600037143,19.546176600037143,,19.546176600037143,19.501357400091365,0.0007241000421345234,,0.0007107998244464397,19.546176600037143,0.04338430007919669,,,19.501357400091365,,0.0007241000421345234,,,,,,,,,,,,,,,,0.07,1.0,highs-ipm,33,1.7728442727715115,1.9455858001019806,4.515151515151516,3.3682395191190504,,,,,,,,,,False,False,False,False,,,,,,,,,,,,,,,,False,False,False,,ok; failed_alpha_points=0/11
dgp3,500,500,1.0,0.75,2,5192387028462811853,dml_ivqr,2.2,1.5628892087894135,0.6371107912105867,0.6371107912105867,0.40591016027697974,ok,False,True,,,0.741608189311578,3.0,2.2583918106884218,False,True,False,True,True,6,0.5454545454545454,1,False,2.2583918106884218,-1.0,3.0,11,0.4,False,False,False,0,0.0,0.0001024349587953722,8.146360736660993,0.0001024349587953722,3.841458820694124,3.841458820694124,1.0,3.841458820694124,,19.071818200172856,19.071818200172856,,19.071818200172856,19.024304900085554,0.0009771001059561968,,0.000847900053486228,19.071818200172856,0.0456882999278605,,,19.024304900085554,,0.0009771001059561968,,,,,,,,,,,,,,,,0.07,1.0,highs-ipm,33,1.7294756999789653,1.8237467999570072,3.6666666666666665,2.9082293119453735,,,,,,,,,,False,False,False,False,,,,,,,,,,,,,,,,False,False,False,,ok; failed_alpha_points=0/11
dgp3,500,500,1.0,0.75,3,6951990545118855169,dml_ivqr,0.6000000000000001,1.5628892087894135,-0.9628892087894134,0.9628892087894134,0.9271556284031026,ok,False,True,,,-0.5978082537188684,2.280979488793531,2.878787742512399,False,True,False,False,False,7,0.6363636363636364,1,False,2.878787742512399,-1.0,3.0,11,0.4,False,False,False,0,0.0,0.0013682420840350408,7.743052221673678,0.0013682420840350408,3.841458820694124,3.841458820694124,1.0,3.841458820694124,,13.644697499927133,13.644697499927133,,13.644697499927133,13.607304099947214,0.001009899890050292,,0.0006991999689489603,13.644697499927133,0.03568430012091994,,,13.607304099947214,,0.001009899890050292,,,,,,,,,,,,,,,,0.07,1.0,highs-ipm,33,1.2370209818367253,1.3639688999392092,3.484848484848485,2.8462136789398045,,,,,,,,,,False,False,False,False,,,,,,,,,,,,,,,,False,False,False,,ok; failed_alpha_points=0/11
dgp3,500,500,1.0,0.75,4,1629194433519572880,dml_ivqr,1.4000000000000004,1.5628892087894135,-0.16288920878941315,0.16288920878941315,0.02653289434004103,ok,False,True,,,0.21575608489709958,2.608685327060663,2.3929292421635635,False,True,False,False,False,6,0.5454545454545454,1,False,2.3929292421635635,-1.0,3.0,11,0.4,False,False,False,0,0.0,0.32350277907326863,12.811806036724828,0.32350277907326863,3.841458820694124,3.841458820694124,1.0,3.841458820694124,,13.574664799962193,13.574664799962193,,13.574664799962193,13.543039199896157,0.0003674000035971403,,0.0003784000873565674,13.574664799962193,0.030879799975082278,,,13.543039199896157,,0.0003674000035971403,,,,,,,,,,,,,,,,0.07,1.0,highs-ipm,33,1.2311798090707848,1.3120546999853104,4.454545454545454,3.6002287021505235,,,,,,,,,,False,False,False,False,,,,,,,,,,,,,,,,False,False,False,,ok; failed_alpha_points=0/11
dgp3,1000,500,0.1,0.25,0,5170798450012599902,dml_ivqr,0.20000000000000018,0.4371107912105866,-0.23711079121058642,0.23711079121058642,0.05622152730851031,ok,False,True,,,-1.0,2.206831587734617,3.206831587734617,False,True,True,False,True,9,0.8181818181818182,1,False,3.206831587734617,-1.0,3.0,11,0.4,False,False,False,0,0.0,0.005283851685694343,7.268127901079868,0.005283851685694343,3.841458820694124,3.841458820694124,1.0,3.841458820694124,,44.217111399862915,44.217111399862915,,44.217111399862915,44.12947399984114,0.0005580000579357147,,0.0007267999462783337,44.217111399862915,0.08635260001756251,,,44.12947399984114,,0.0005580000579357147,,,,,,,,,,,,,,,,0.07,1.0,highs-ipm,33,4.011763518168167,4.373018299927935,2.5454545454545454,3.7714923636457063,,,,,,,,,,False,False,False,False,,,,,,,,,,,,,,,,False,False,False,,ok; failed_alpha_points=0/11
dgp3,1000,500,0.1,0.25,1,8528080009715954617,dml_ivqr,-1.0,0.4371107912105866,-1.4371107912105865,1.4371107912105865,2.065287426213918,ok,False,True,,,-1.0,3.0,4.0,False,True,True,True,True,11,1.0,1,False,4.0,-1.0,3.0,11,0.4,True,False,True,0,0.0,0.00619186360541814,1.3714783582975276,0.00619186360541814,3.841458820694124,3.841458820694124,1.0,3.841458820694124,,43.771956800017506,43.771956800017506,,43.771956800017506,43.68353770021349,0.0009287998545914888,,0.0009325998835265636,43.771956800017506,0.08655770006589592,,,43.68353770021349,,0.0009287998545914888,,,,,,,,,,,,,,,,0.07,1.0,highs-ipm,33,3.9712236545641315,4.279560999944806,2.4545454545454546,3.647505296248634,,,,,,,,,,False,False,False,False,,,,,,,,,,,,,,,,False,False,False,,ok; failed_alpha_points=0/11
dgp3,1000,500,0.1,0.25,2,1273032603914247342,dml_ivqr,2.2,0.4371107912105866,1.7628892087894137,1.7628892087894137,3.107778362466165,ok,False,True,,,-1.0,3.0,4.0,False,True,True,True,True,11,1.0,1,False,4.0,-1.0,3.0,11,0.4,False,False,False,0,0.0,0.01626059561010544,1.138361352420734,0.01626059561010544,3.841458820694124,3.841458820694124,1.0,3.841458820694124,,43.64164609997533,43.64164609997533,,43.64164609997533,43.56259580003098,0.0005868000444024801,,0.0006772999186068773,43.64164609997533,0.07778619998134673,,,43.56259580003098,,0.0005868000444024801,,,,,,,,,,,,,,,,0.07,1.0,highs-ipm,33,3.9602285545234652,4.264803200028837,2.5454545454545454,3.8365233775397614,,,,,,,,,,False,False,False,False,,,,,,,,,,,,,,,,False,False,False,,ok; failed_alpha_points=0/11
dgp3,1000,500,0.1,0.25,3,4140792921456574772,dml_ivqr,1.0,0.4371107912105866,0.5628892087894134,0.5628892087894134,0.31684426137157184,ok,False,True,,,-1.0,3.0,4.0,False,True,True,True,True,11,1.0,1,False,4.0,-1.0,3.0,11,0.4,False,False,False,0,0.0,1.100451421402269e-05,2.780095718790269,1.100451421402269e-05,3.841458820694124,3.841458820694124,1.0,3.841458820694124,,42.98905110009946,42.98905110009946,,42.98905110009946,42.92138840002008,0.000929499976336956,,0.0007152999751269817,42.98905110009946,0.06601790012791753,,,42.92138840002008,,0.000929499976336956,,,,,,,,,,,,,,,,0.07,1.0,highs-ipm,33,3.901938554619185,4.272128500044346,2.3333333333333335,3.7015558292496897,,,,,,,,,,False,False,False,False,,,,,,,,,,,,,,,,False,False,False,,ok; failed_alpha_points=0/11
dgp3,1000,500,0.1,0.25,4,2350775773290364742,dml_ivqr,-1.0,0.4371107912105866,-1.4371107912105865,1.4371107912105865,2.065287426213918,ok,False,True,,,-1.0,3.0,4.0,False,True,True,True,True,11,1.0,1,False,4.0,-1.0,3.0,11,0.4,True,False,True,0,0.0,0.004784138484858099,2.2752908730435535,0.004784138484858099,3.841458820694124,3.841458820694124,1.0,3.841458820694124,,43.67979929991998,43.67979929991998,,43.67979929991998,43.59234120021574,0.000984300160780549,,0.0012247995473444462,43.67979929991998,0.0852489999961108,,,43.59234120021574,,0.000984300160780549,,,,,,,,,,,,,,,,0.07,1.0,highs-ipm,33,3.962931145427071,4.195948000065982,2.5757575757575757,3.273149188463846,,,,,,,,,,False,False,False,False,,,,,,,,,,,,,,,,False,False,False,,ok; failed_alpha_points=0/11
dgp3,1000,500,0.1,0.5,0,6623183779393957562,dml_ivqr,1.4000000000000004,1.0,0.40000000000000036,0.40000000000000036,0.16000000000000028,ok,False,True,,,-1.0,3.0,4.0,False,True,True,True,True,11,1.0,1,False,4.0,-1.0,3.0,11,0.4,False,False,False,0,0.0,0.2326467859296612,3.277109718939837,0.2326467859296612,3.841458820694124,3.841458820694124,1.0,3.841458820694124,,44.320565400179476,44.320565400179476,,44.320565400179476,44.225577200064436,0.0005357000045478344,,0.0010852999985218048,44.320565400179476,0.0933672001119703,,,44.225577200064436,,0.0005357000045478344,,,,,,,,,,,,,,,,0.07,1.0,highs-ipm,33,4.020500281867995,4.2892797000240535,3.4545454545454546,4.219136333121455,,,,,,,,,,False,False,False,False,,,,,,,,,,,,,,,,False,False,False,,ok; failed_alpha_points=0/11
dgp3,1000,500,0.1,0.5,1,4145038374468575880,dml_ivqr,0.6000000000000001,1.0,-0.3999999999999999,0.3999999999999999,0.15999999999999992,ok,False,True,,,-1.0,3.0,4.0,False,True,True,True,True,11,1.0,1,False,4.0,-1.0,3.0,11,0.4,False,False,False,0,0.0,0.0005103951965127064,0.7948998231552437,0.0005103951965127064,3.841458820694124,3.841458820694124,1.0,3.841458820694124,,44.55246899998747,44.55246899998747,,44.55246899998747,44.45597989996895,0.0005304999649524689,,0.0011026998981833458,44.55246899998747,0.09485590015538037,,,44.45597989996895,,0.0005304999649524689,,,,,,,,,,,,,,,,0.07,1.0,highs-ipm,33,4.041446645468981,4.263364300131798,4.2727272727272725,4.315863022179205,,,,,,,,,,False,False,False,False,,,,,,,,,,,,,,,,False,False,False,,ok; failed_alpha_points=0/11
dgp3,1000,500,0.1,0.5,2,187248328081139945,dml_ivqr,1.4000000000000004,1.0,0.40000000000000036,0.40000000000000036,0.16000000000000028,ok,False,True,,,-0.8166750790986937,2.0714058830562854,2.8880809621549792,False,True,False,False,False,7,0.6363636363636364,1,False,2.8880809621549792,-1.0,3.0,11,0.4,False,False,False,0,0.0,0.3192643237885926,5.336989969435522,0.3192643237885926,3.841458820694124,3.841458820694124,1.0,3.841458820694124,,44.46888900012709,44.46888900012709,,44.46888900012709,44.382839099969715,0.0011343001388013363,,0.0011783998925238848,44.46888900012709,0.0837372001260519,,,44.382839099969715,,0.0011343001388013363,,,,,,,,,,,,,,,,0.07,1.0,highs-ipm,33,4.034796018132263,4.627138699870557,3.303030303030303,3.5316937230865606,,,,,,,,,,False,False,False,False,,,,,,,,,,,,,,,,False,False,False,,ok; failed_alpha_points=0/11
dgp3,1000,500,0.1,0.5,3,5943564770924716671,dml_ivqr,1.0,1.0,0.0,0.0,0.0,ok,False,True,,,-1.0,3.0,4.0,False,True,True,True,True,11,1.0,1,False,4.0,-1.0,3.0,11,0.4,False,False,False,0,0.0,0.07202837296872071,2.2885206807457124,0.07202837296872071,3.841458820694124,3.841458820694124,1.0,3.841458820694124,,32.05349550000392,32.05349550000392,,32.05349550000392,31.989748900057748,0.000984999816864729,,0.0009274003095924854,32.05349550000392,0.06183419981971383,,,31.989748900057748,,0.000984999816864729,,,,,,,,,,,,,,,,0.07,1.0,highs-ipm,33,2.908151936399835,3.381274800049141,3.515151515151515,3.611698664476498,,,,,,,,,,False,False,False,False,,,,,,,,,,,,,,,,False,False,False,,ok; failed_alpha_points=0/11
dgp3,1000,500,0.1,0.5,4,3206343040572395266,dml_ivqr,2.6,1.0,1.6,1.6,2.5600000000000005,ok,False,True,,,-0.4407018707761704,3.0,3.4407018707761705,False,True,False,True,True,9,0.8181818181818182,1,False,3.4407018707761705,-1.0,3.0,11,0.4,False,False,False,0,0.0,0.1320049243640628,4.921110760604084,0.1320049243640628,3.841458820694124,3.841458820694124,1.0,3.841458820694124,,31.284217899898067,31.284217899898067,,31.284217899898067,31.215008300030604,0.0005252999253571033,,0.000785500044003129,31.284217899898067,0.06789879989810288,,,31.215008300030604,,0.0005252999253571033,,,,,,,,,,,,,,,,0.07,1.0,highs-ipm,33,2.837722054534507,3.104413199936971,3.6666666666666665,4.24122032192025,,,,,,,,,,False,False,False,False,,,,,,,,,,,,,,,,False,False,False,,ok; failed_alpha_points=0/11
dgp3,1000,500,0.1,0.75,0,4938326020970258970,dml_ivqr,1.8000000000000003,1.5628892087894135,0.23711079121058676,0.23711079121058676,0.05622152730851047,ok,False,True,,,-1.0,3.0,4.0,False,True,True,True,True,11,1.0,1,False,4.0,-1.0,3.0,11,0.4,False,False,False,0,0.0,0.08779206045664112,2.4159898215828646,0.08779206045664112,3.841458820694124,3.841458820694124,1.0,3.841458820694124,,44.26738189999014,44.26738189999014,,44.26738189999014,44.191796500002965,0.0008738001342862844,,0.0008162998128682375,44.26738189999014,0.07389530004002154,,,44.191796500002965,,0.0008738001342862844,,,,,,,,,,,,,,,,0.07,1.0,highs-ipm,33,4.017427954568782,4.257211999967694,2.909090909090909,4.2830713258185575,,,,,,,,,,False,False,False,False,,,,,,,,,,,,,,,,False,False,False,,ok; failed_alpha_points=0/11
dgp3,1000,500,0.1,0.75,1,971639754545435924,dml_ivqr,1.8000000000000003,1.5628892087894135,0.23711079121058676,0.23711079121058676,0.05622152730851047,ok,False,True,,,-1.0,3.0,4.0,False,True,True,True,True,11,1.0,1,False,4.0,-1.0,3.0,11,0.4,False,False,False,0,0.0,0.19346287042466456,2.466202430737527,0.19346287042466456,3.841458820694124,3.841458820694124,1.0,3.841458820694124,,45.61963410000317,45.61963410000317,,45.61963410000317,45.531610399950296,0.0005822998937219381,,0.0007272001821547747,45.61963410000317,0.08671419997699559,,,45.531610399950296,,0.0005822998937219381,,,,,,,,,,,,,,,,0.07,1.0,highs-ipm,33,4.1392300273080105,4.373320900136605,2.757575757575758,3.4597961473104584,,,,,,,,,,False,False,False,False,,,,,,,,,,,,,,,,False,False,False,,ok; failed_alpha_points=0/11
dgp3,1000,500,0.1,0.75,2,3098222391041194308,dml_ivqr,-0.6,1.5628892087894135,-2.1628892087894136,2.1628892087894136,4.678089729497696,ok,False,True,,,-1.0,3.0,4.0,False,True,True,True,True,11,1.0,1,False,4.0,-1.0,3.0,11,0.4,False,False,False,0,0.0,0.849895382789275,2.1520397236324817,0.849895382789275,3.841458820694124,3.841458820694124,1.0,3.841458820694124,,43.30949359992519,43.30949359992519,,43.30949359992519,43.23497499991208,0.0011112000793218613,,0.0011126999743282795,43.30949359992519,0.07229469995945692,,,43.23497499991208,,0.0011112000793218613,,,,,,,,,,,,,,,,0.07,1.0,highs-ipm,33,3.9304457545830784,4.169161400059238,2.696969696969697,3.8478835060385443,,,,,,,,,,False,False,False,False,,,,,,,,,,,,,,,,False,False,False,,ok; failed_alpha_points=0/11
dgp3,1000,500,0.1,0.75,3,6357593760748274002,dml_ivqr,-0.19999999999999996,1.5628892087894135,-1.7628892087894135,1.7628892087894135,3.1077783624661643,ok,False,True,,,-1.0,3.0,4.0,False,True,True,True,True,11,1.0,1,False,4.0,-1.0,3.0,11,0.4,False,False,False,0,0.0,0.02684967035159144,0.8014286029090395,0.02684967035159144,3.841458820694124,3.841458820694124,1.0,3.841458820694124,,45.743445500032976,45.743445500032976,,45.743445500032976,45.67566309985705,0.0008855999913066626,,0.0007705001626163721,45.743445500032976,0.06612630002200603,,,45.67566309985705,,0.0008855999913066626,,,,,,,,,,,,,,,,0.07,1.0,highs-ipm,33,4.152326345443726,4.396937099983916,2.5454545454545454,3.7582972589276955,,,,,,,,,,False,False,False,False,,,,,,,,,,,,,,,,False,False,False,,ok; failed_alpha_points=0/11
dgp3,1000,500,0.1,0.75,4,2036975822861692884,dml_ivqr,3.0,1.5628892087894135,1.4371107912105865,1.4371107912105865,2.065287426213918,ok,False,True,,,-1.0,3.0,4.0,False,True,True,True,True,11,1.0,1,False,4.0,-1.0,3.0,11,0.4,False,True,True,0,0.0,0.07505705195525446,1.2012170210230613,0.07505705195525446,3.841458820694124,3.841458820694124,1.0,3.841458820694124,,44.846788600087166,44.846788600087166,,44.846788600087166,44.77860699989833,0.0005200000014156103,,0.000884900102391839,44.846788600087166,0.066776700085029,,,44.77860699989833,,0.0005200000014156103,,,,,,,,,,,,,,,,0.07,1.0,highs-ipm,33,4.070776345441118,4.404040900059044,2.515151515151515,3.186591463168775,,,,,,,,,,False,False,False,False,,,,,,,,,,,,,,,,False,False,False,,ok; failed_alpha_points=0/11
dgp3,1000,500,1.0,0.25,0,8249546265176236744,dml_ivqr,0.6000000000000001,0.4371107912105866,0.1628892087894135,0.1628892087894135,0.02653289434004114,ok,False,True,,,-0.2462873311165179,1.6426493136909146,1.8889366448074325,False,True,False,False,False,5,0.45454545454545453,1,False,1.8889366448074325,-1.0,3.0,11,0.4,False,False,False,0,0.0,0.003877149488559974,20.602512247202778,0.003877149488559974,3.841458820694124,3.841458820694124,1.0,3.841458820694124,,44.33837409992702,44.33837409992702,,44.33837409992702,44.25804700003937,0.0008280000183731318,,0.0010441998019814491,44.33837409992702,0.0784549000672996,,,44.25804700003937,,0.0008280000183731318,,,,,,,,,,,,,,,,0.07,1.0,highs-ipm,33,4.023451645435258,4.289491600124165,3.090909090909091,3.783342261705293,,,,,,,,,,False,False,False,False,,,,,,,,,,,,,,,,False,False,False,,ok; failed_alpha_points=0/11
dgp3,1000,500,1.0,0.25,1,4427810228556584772,dml_ivqr,0.6000000000000001,0.4371107912105866,0.1628892087894135,0.1628892087894135,0.02653289434004114,ok,False,True,,,-0.5549346344191183,1.6807629208267942,2.2356975552459124,False,True,False,False,False,5,0.45454545454545453,1,False,2.2356975552459124,-1.0,3.0,11,0.4,False,False,False,0,0.0,0.25929878775156645,21.1575601241484,0.25929878775156645,3.841458820694124,3.841458820694124,1.0,3.841458820694124,,45.17604100005701,45.17604100005701,,45.17604100005701,45.080576200038195,0.0004981998354196548,,0.0010555002372711897,45.17604100005701,0.09391109994612634,,,45.080576200038195,,0.0004981998354196548,,,,,,,,,,,,,,,,0.07,1.0,highs-ipm,33,4.098226109075106,4.202693199971691,3.212121212121212,3.6694482844740968,,,,,,,,,,False,False,False,False,,,,,,,,,,,,,,,,False,False,False,,ok; failed_alpha_points=0/11
dgp3,1000,500,1.0,0.25,2,8926325812639911947,dml_ivqr,0.6000000000000001,0.4371107912105866,0.1628892087894135,0.1628892087894135,0.02653289434004114,ok,False,True,,,-0.29447848520326325,1.3565577066838046,1.651036191887068,False,True,False,False,False,4,0.36363636363636365,1,False,1.651036191887068,-1.0,3.0,11,0.4,False,False,False,0,0.0,0.024252395372931532,24.218571711999182,0.024252395372931532,3.841458820694124,3.841458820694124,1.0,3.841458820694124,,44.11208029999398,44.11208029999398,,44.11208029999398,44.04637390002608,0.0005308000836521387,,0.0008947998285293579,44.11208029999398,0.06428080005571246,,,44.04637390002608,,0.0005308000836521387,,,,,,,,,,,,,,,,0.07,1.0,highs-ipm,33,4.004209809132259,4.391742200125009,2.3636363636363638,3.607329787729993,,,,,,,,,,False,False,False,False,,,,,,,,,,,,,,,,False,False,False,,ok; failed_alpha_points=0/11
dgp3,1000,500,1.0,0.25,3,3186245748945947084,dml_ivqr,0.6000000000000001,0.4371107912105866,0.1628892087894135,0.1628892087894135,0.02653289434004114,ok,False,True,,,-0.9559352521798569,1.4108538234720442,2.366789075651901,False,True,False,False,False,6,0.5454545454545454,1,False,2.366789075651901,-1.0,3.0,11,0.4,False,False,False,0,0.0,0.019241610664948183,11.359594430902671,0.019241610664948183,3.841458820694124,3.841458820694124,1.0,3.841458820694124,,32.093993300106376,32.093993300106376,,32.093993300106376,32.01962070004083,0.0004631001502275467,,0.0007358998991549015,32.093993300106376,0.0731736000161618,,,32.01962070004083,,0.0004631001502275467,,,,,,,,,,,,,,,,0.07,1.0,highs-ipm,33,2.9108688272747467,3.576903900131583,2.8181818181818183,3.8929314926356464,,,,,,,,,,False,False,False,False,,,,,,,,,,,,,,,,False,False,False,,ok; failed_alpha_points=0/11
dgp3,1000,500,1.0,0.25,4,4334884436139473264,dml_ivqr,0.20000000000000018,0.4371107912105866,-0.23711079121058642,0.23711079121058642,0.05622152730851031,ok,False,True,,,-1.0,1.4089143960593573,2.2399013922258355,False,True,True,False,True,6,0.5454545454545454,2,True,2.408914396059357,-1.0,3.0,11,0.4,False,False,False,0,0.0,0.0028828781214205743,21.588285676328635,0.0028828781214205743,3.841458820694124,3.841458820694124,1.0,3.841458820694124,,32.16870809998363,32.16870809998363,,32.16870809998363,32.08740180009045,0.0009312999900430441,,0.0008839999791234732,32.16870809998363,0.07949099992401898,,,32.08740180009045,,0.0009312999900430441,,,,,,,,,,,,,,,,0.07,1.0,highs-ipm,33,2.9170296909075906,3.2487582999747247,2.6363636363636362,3.6686283150405927,,,,,,,,,,False,False,False,False,,,,,,,,,,,,,,,,False,False,False,,ok; failed_alpha_points=0/11
dgp3,1000,500,1.0,0.5,0,4728243733504062011,dml_ivqr,0.6000000000000001,1.0,-0.3999999999999999,0.3999999999999999,0.15999999999999992,ok,False,True,,,-0.2747693051714015,1.8108363959685763,2.085605701139978,False,True,False,False,False,6,0.5454545454545454,1,False,2.085605701139978,-1.0,3.0,11,0.4,False,False,False,0,0.0,0.171645774835816,15.826978332505565,0.171645774835816,3.841458820694124,3.841458820694124,1.0,3.841458820694124,,44.757594499969855,44.757594499969855,,44.757594499969855,44.683561800047755,0.000579700106754899,,0.0012101999018341303,44.757594499969855,0.07224279991351068,,,44.683561800047755,,0.000579700106754899,,,,,,,,,,,,,,,,0.07,1.0,highs-ipm,33,4.062133963621983,4.258275399915874,3.9696969696969697,3.651392092472497,,,,,,,,,,False,False,False,False,,,,,,,,,,,,,,,,False,False,False,,ok; failed_alpha_points=0/11
dgp3,1000,500,1.0,0.5,1,200716635508171083,dml_ivqr,1.0,1.0,0.0,0.0,0.0,ok,False,True,,,0.682028423899375,1.8489062216939385,1.1668777977945635,False,True,False,False,False,3,0.2727272727272727,1,False,1.1668777977945635,-1.0,3.0,11,0.4,False,False,False,0,0.0,0.32577395563082695,41.728911278059726,0.32577395563082695,3.841458820694124,3.841458820694124,1.0,3.841458820694124,,43.4225274999626,43.4225274999626,,43.4225274999626,43.345459199976176,0.0009783001150935888,,0.0011069998145103455,43.4225274999626,0.07498300005681813,,,43.345459199976176,,0.0009783001150935888,,,,,,,,,,,,,,,,0.07,1.0,highs-ipm,33,3.9404891181779518,4.165864499984309,3.4242424242424243,3.687212686819027,,,,,,,,,,False,False,False,False,,,,,,,,,,,,,,,,False,False,False,,ok; failed_alpha_points=0/11
dgp3,1000,500,1.0,0.5,2,717026472267539072,dml_ivqr,1.4000000000000004,1.0,0.40000000000000036,0.40000000000000036,0.16000000000000028,ok,False,True,,,0.9704294918298549,2.2614342090631463,1.2910047172332915,False,True,False,False,False,4,0.36363636363636365,1,False,1.2910047172332915,-1.0,3.0,11,0.4,False,False,False,0,0.0,0.00030321217123764627,36.66407116349693,0.00030321217123764627,3.841458820694124,3.841458820694124,1.0,3.841458820694124,,43.78692870005034,43.78692870005034,,43.78692870005034,43.71098600002006,0.0006081999745219946,,0.0009286999702453613,43.78692870005034,0.07440580008551478,,,43.71098600002006,,0.0006081999745219946,,,,,,,,,,,,,,,,0.07,1.0,highs-ipm,33,3.973719654520127,4.203820999944583,4.878787878787879,3.8679036547683006,,,,,,,,,,False,False,False,False,,,,,,,,,,,,,,,,False,False,False,,ok; failed_alpha_points=0/11
dgp3,1000,500,1.0,0.5,3,9167713036333134035,dml_ivqr,1.8000000000000003,1.0,0.8000000000000003,0.8000000000000003,0.6400000000000005,ok,False,True,,,0.725397282189878,2.3125929380020827,1.5871956558122047,False,True,False,False,False,4,0.36363636363636365,1,False,1.5871956558122047,-1.0,3.0,11,0.4,False,False,False,0,0.0,0.1556193505490199,39.52510331496857,0.1556193505490199,3.841458820694124,3.841458820694124,1.0,3.841458820694124,,42.399002799997106,42.399002799997106,,42.399002799997106,42.32058289996348,0.000894299941137433,,0.0009918001014739275,42.399002799997106,0.07653379999101162,,,42.32058289996348,,0.000894299941137433,,,,,,,,,,,,,,,,0.07,1.0,highs-ipm,33,3.8473189182113856,4.135710900183767,3.515151515151515,3.765214590768803,,,,,,,,,,False,False,False,False,,,,,,,,,,,,,,,,False,False,False,,ok; failed_alpha_points=0/11
dgp3,1000,500,1.0,0.5,4,5281619990998574299,dml_ivqr,1.0,1.0,0.0,0.0,0.0,ok,False,True,,,0.27586971405263816,2.68056644953515,1.996091394075643,False,True,False,False,False,5,0.45454545454545453,2,True,2.404696735482512,-1.0,3.0,11,0.4,False,False,False,0,0.0,0.003688090282611817,23.885747261939034,0.003688090282611817,3.841458820694124,3.841458820694124,1.0,3.841458820694124,,43.09029689989984,43.09029689989984,,43.09029689989984,43.01620570011437,0.0008115998934954405,,0.0009402998257428408,43.09029689989984,0.07233930006623268,,,43.01620570011437,,0.0008115998934954405,,,,,,,,,,,,,,,,0.07,1.0,highs-ipm,33,3.9105570272500203,4.16435859980993,3.6666666666666665,4.013261876103687,,,,,,,,,,False,False,False,False,,,,,,,,,,,,,,,,False,False,False,,ok; failed_alpha_points=0/11
dgp3,1000,500,1.0,0.75,0,3180912429755546215,dml_ivqr,1.4000000000000004,1.5628892087894135,-0.16288920878941315,0.16288920878941315,0.02653289434004103,ok,False,True,,,0.8234506231568457,2.2363724475721027,1.412921824415257,False,True,False,False,False,4,0.36363636363636365,1,False,1.412921824415257,-1.0,3.0,11,0.4,False,False,False,0,0.0,0.3255696605222982,21.04282142663508,0.3255696605222982,3.841458820694124,3.841458820694124,1.0,3.841458820694124,,44.975685300072655,44.975685300072655,,44.975685300072655,44.90431930008344,0.0008872998878359795,,0.00080289994366467,44.975685300072655,0.06967580015771091,,,44.90431930008344,,0.0008872998878359795,,,,,,,,,,,,,,,,0.07,1.0,highs-ipm,33,4.0822037181563,4.492679199902341,2.3636363636363638,3.6543617595764935,,,,,,,,,,False,False,False,False,,,,,,,,,,,,,,,,False,False,False,,ok; failed_alpha_points=0/11
dgp3,1000,500,1.0,0.75,1,1518422316917287632,dml_ivqr,0.6000000000000001,1.5628892087894135,-0.9628892087894134,0.9628892087894134,0.9271556284031026,ok,False,True,,,-0.5531191549088476,1.4399731726263063,1.993092327535154,False,False,False,False,False,5,0.45454545454545453,1,False,1.993092327535154,-1.0,3.0,11,0.4,False,False,False,0,0.0,0.06595865088008249,22.181329648656867,0.06595865088008249,3.841458820694124,3.841458820694124,1.0,3.841458820694124,,44.87798890005797,44.87798890005797,,44.87798890005797,44.80110949999653,0.0005173999816179276,,0.0006947002839297056,44.87798890005797,0.07566729979589581,,,44.80110949999653,,0.0005173999816179276,,,,,,,,,,,,,,,,0.07,1.0,highs-ipm,33,4.0728213636585595,4.35930830007419,2.606060606060606,3.5431483357098768,,,,,,,,,,False,False,False,False,,,,,,,,,,,,,,,,False,False,False,,ok; failed_alpha_points=0/11
dgp3,1000,500,1.0,0.75,2,6755968171181424597,dml_ivqr,1.0,1.5628892087894135,-0.5628892087894135,0.5628892087894135,0.31684426137157196,ok,False,True,,,-1.0,1.8743014633128965,2.8743014633128965,False,True,True,False,True,8,0.7272727272727273,1,False,2.8743014633128965,-1.0,3.0,11,0.4,False,False,False,0,0.0,0.36373647854260716,21.576044543336202,0.36373647854260716,3.841458820694124,3.841458820694124,1.0,3.841458820694124,,44.8526127000805,44.8526127000805,,44.8526127000805,44.770815999945626,0.001209600130096078,,0.0012026000767946243,44.8526127000805,0.07938449992798269,,,44.770815999945626,,0.001209600130096078,,,,,,,,,,,,,,,,0.07,1.0,highs-ipm,33,4.070067063672468,4.5037223000545055,3.212121212121212,4.1534909566903835,,,,,,,,,,False,False,False,False,,,,,,,,,,,,,,,,False,False,False,,ok; failed_alpha_points=0/11
dgp3,1000,500,1.0,0.75,3,3910963638078275888,dml_ivqr,1.4000000000000004,1.5628892087894135,-0.16288920878941315,0.16288920878941315,0.02653289434004103,ok,False,True,,,0.7383223483990639,2.1827561746654847,1.4444338262664207,False,True,False,False,False,3,0.2727272727272727,1,False,1.4444338262664207,-1.0,3.0,11,0.4,False,False,False,0,0.0,0.08481422885468781,22.302923637887194,0.08481422885468781,3.841458820694124,3.841458820694124,1.0,3.841458820694124,,32.803143500117585,32.803143500117585,,32.803143500117585,32.72996159992181,0.0004120999947190285,,0.0006450002547353506,32.803143500117585,0.07212479994632304,,,32.72996159992181,,0.0004120999947190285,,,,,,,,,,,,,,,,0.07,1.0,highs-ipm,33,2.97544513636438,3.756973700132221,3.0,3.7817343291335828,,,,,,,,,,False,False,False,False,,,,,,,,,,,,,,,,False,False,False,,ok; failed_alpha_points=0/11
dgp3,1000,500,1.0,0.75,4,7490219348746445915,dml_ivqr,1.8000000000000003,1.5628892087894135,0.23711079121058676,0.23711079121058676,0.05622152730851047,ok,False,True,,,0.7350278945862223,2.6115616062307523,1.87653371164453,False,True,False,False,False,5,0.45454545454545453,1,False,1.87653371164453,-1.0,3.0,11,0.4,False,False,False,0,0.0,0.006800584217522255,15.459111509702266,0.006800584217522255,3.841458820694124,3.841458820694124,1.0,3.841458820694124,,32.03156489995308,32.03156489995308,,32.03156489995308,31.964171399828047,0.00033670011907815933,,0.0006325000431388617,32.03156489995308,0.06642429996281862,,,31.964171399828047,,0.00033670011907815933,,,,,,,,,,,,,,,,0.07,1.0,highs-ipm,33,2.905827654504471,3.213715099962428,2.696969696969697,4.430349149948448,,,,,,,,,,False,False,False,False,,,,,,,,,,,,,,,,False,False,False,,ok; failed_alpha_points=0/11
