dgp,n,p,pi,tau,rep,seed,result_schema_version,estimator,alpha_hat,alpha_true,cr_lower,cr_upper,cr_length,covered,converged,cr_components,cr_n_blocks,cr_disconnected,cr_status,cr_is_numerically_resolved,cr_unresolved_count,cr_unresolved_alphas,grid_strategy,adaptive_midpoint_probe,alpha_hat_grid,midpoint_intervals_considered,midpoint_evaluations_added,midpoint_unresolved_barriers,midpoint_probe_limit_hit,initial_alpha_grid_size,final_alpha_evaluations,refinement_tolerance,refinement_depth_reached,refinement_limit_hit,max_alpha_evaluations_hit,number_of_refined_intervals,number_of_unresolved_refinement_barriers,minimum_final_grid_spacing,median_final_grid_spacing,maximum_final_grid_spacing,iteration_warning_evaluations,rank_deficient_covariance_failures,n_selected_controls,selection_lasso_multiplier,selection_method,selection_target_y,selection_target_d,selection_quantile_specific,instrument_selection_method,post_selection_inference_adjustment,n_retained_instruments
dgp1,500,200,1.0,0.25,200,4908190495486856834,4,post_selection_ivqr,0.20000000000000018,0.3255102498039183,-0.324422543900041,1.0164759672641828,1.3408985111642238,True,True,"[[-0.324422543900041,1.0164759672641828]]",1,False,valid,True,0,[],adaptive,True,initial,20,20,0,False,21,45,0.025,2,False,False,4,0,0.02499999999999991,0.09999999999999998,0.10000000000000009,0,0,11,1.0,mean_lasso_union,conditional_mean,conditional_mean,False,retain_all,none,1
dgp1,500,200,1.0,0.25,201,6325976965608108773,4,post_selection_ivqr,1.0,0.3255102498039183,0.047879068084771034,1.7370595656913532,1.6891804976065823,True,True,"[[0.047879068084771034,1.7370595656913532]]",1,False,valid,True,0,[],adaptive,True,initial,20,20,0,False,21,45,0.025,2,False,False,4,0,0.02499999999999991,0.09999999999999998,0.10000000000000009,6,0,28,1.0,mean_lasso_union,conditional_mean,conditional_mean,False,retain_all,none,1
dgp1,500,200,1.0,0.25,202,5802385073080857964,4,post_selection_ivqr,0.8,0.3255102498039183,0.28943861196484977,1.5138042678230335,1.2243656558581837,True,True,"[[0.28943861196484977,1.5138042678230335]]",1,False,valid,True,0,[],adaptive,True,initial,20,20,0,False,21,45,0.025,2,False,False,4,0,0.02499999999999991,0.09999999999999998,0.10000000000000009,0,0,5,1.0,mean_lasso_union,conditional_mean,conditional_mean,False,retain_all,none,1
dgp1,500,200,1.0,0.25,203,3881509171827141456,4,post_selection_ivqr,0.40000000000000013,0.3255102498039183,-0.5018798859801009,1.2508960659207002,1.752775951900801,True,True,"[[-0.5018798859801009,1.2508960659207002]]",1,False,valid,True,0,[],adaptive,True,initial,20,20,0,False,21,45,0.025,2,False,False,4,0,0.02499999999999991,0.09999999999999998,0.10000000000000009,2,0,15,1.0,mean_lasso_union,conditional_mean,conditional_mean,False,retain_all,none,1
dgp1,500,200,1.0,0.25,204,5595258946627937761,4,post_selection_ivqr,1.0,0.3255102498039183,0.24762354804529818,1.437979661827546,1.1903561137822478,True,True,"[[0.24762354804529818,1.437979661827546]]",1,False,valid,True,0,[],adaptive,True,initial,20,20,0,False,21,45,0.025,2,False,False,4,0,0.02499999999999991,0.09999999999999998,0.10000000000000009,5,0,18,1.0,mean_lasso_union,conditional_mean,conditional_mean,False,retain_all,none,1
dgp1,500,200,1.0,0.25,205,1654190741852677772,4,post_selection_ivqr,0.40000000000000013,0.3255102498039183,-0.28674784370243794,1.0418094932156345,1.3285573369180725,True,True,"[[-0.28674784370243794,1.0418094932156345]]",1,False,valid,True,0,[],adaptive,True,initial,20,20,0,False,21,45,0.025,2,False,False,4,0,0.02499999999999991,0.09999999999999998,0.10000000000000009,4,0,12,1.0,mean_lasso_union,conditional_mean,conditional_mean,False,retain_all,none,1
dgp1,500,200,1.0,0.25,206,171478959949468957,4,post_selection_ivqr,1.2000000000000002,0.3255102498039183,0.7448779870763043,1.6958078413959548,0.9509298543196505,False,True,"[[0.7448779870763043,1.6958078413959548]]",1,False,valid,True,0,[],adaptive,True,initial,20,20,0,False,21,45,0.025,2,False,False,4,0,0.02499999999999991,0.09999999999999998,0.10000000000000009,5,0,12,1.0,mean_lasso_union,conditional_mean,conditional_mean,False,retain_all,none,1
dgp1,500,200,1.0,0.25,207,7434579917081143885,4,post_selection_ivqr,0.0,0.3255102498039183,-0.7866747356163053,0.6366286762262373,1.4233034118425425,True,True,"[[-0.7866747356163053,0.6366286762262373]]",1,False,valid,True,0,[],adaptive,True,initial,20,20,0,False,21,45,0.025,2,False,False,4,0,0.025000000000000022,0.09999999999999998,0.10000000000000009,1,0,14,1.0,mean_lasso_union,conditional_mean,conditional_mean,False,retain_all,none,1
dgp1,500,200,1.0,0.25,208,2313126055054126042,4,post_selection_ivqr,-0.19999999999999996,0.3255102498039183,-0.8622627473350685,0.5315037912997008,1.3937665386347693,True,True,"[[-0.8622627473350685,0.5315037912997008]]",1,False,valid,True,0,[],adaptive,True,initial,20,20,0,False,21,45,0.025,2,False,False,4,0,0.02499999999999991,0.09999999999999998,0.10000000000000009,2,0,13,1.0,mean_lasso_union,conditional_mean,conditional_mean,False,retain_all,none,1
dgp1,500,200,1.0,0.25,209,1536076875505643177,4,post_selection_ivqr,-0.19999999999999996,0.3255102498039183,-0.9066375899426309,0.7333205721764611,1.639958162119092,True,True,"[[-0.9066375899426309,0.7333205721764611]]",1,False,valid,True,0,[],adaptive,True,initial,20,20,0,False,21,45,0.025,2,False,False,4,0,0.02499999999999991,0.09999999999999998,0.10000000000000009,0,0,9,1.0,mean_lasso_union,conditional_mean,conditional_mean,False,retain_all,none,1
dgp1,500,200,1.0,0.25,210,5270706524878303926,4,post_selection_ivqr,0.0,0.3255102498039183,-0.5554757079564644,0.523458612839576,1.0789343207960402,True,True,"[[-0.5554757079564644,0.523458612839576]]",1,False,valid,True,0,[],adaptive,True,initial,20,20,0,False,21,45,0.025,2,False,False,4,0,0.02499999999999991,0.09999999999999998,0.10000000000000009,6,0,26,1.0,mean_lasso_union,conditional_mean,conditional_mean,False,retain_all,none,1
dgp1,500,200,1.0,0.25,211,4228578750419287586,4,post_selection_ivqr,-0.19999999999999996,0.3255102498039183,-1.0,0.9362216868112352,1.9362216868112352,True,True,"[[-1.0,0.9362216868112352]]",1,False,valid,True,0,[],adaptive,True,initial,20,20,0,False,21,43,0.025,2,False,False,2,0,0.02499999999999991,0.09999999999999998,0.10000000000000009,7,0,38,1.0,mean_lasso_union,conditional_mean,conditional_mean,False,retain_all,none,1
dgp1,500,200,1.0,0.25,212,4348919531812875134,4,post_selection_ivqr,0.6000000000000001,0.3255102498039183,-0.19454946401706485,1.153462863069164,1.3480123270862288,True,True,"[[-0.19454946401706485,1.153462863069164]]",1,False,valid,True,0,[],adaptive,True,initial,20,20,0,False,21,45,0.025,2,False,False,4,0,0.02499999999999991,0.09999999999999998,0.10000000000000009,3,0,9,1.0,mean_lasso_union,conditional_mean,conditional_mean,False,retain_all,none,1
dgp1,500,200,1.0,0.25,213,5034549794057543889,4,post_selection_ivqr,0.6000000000000001,0.3255102498039183,-0.18492809317671635,1.1191765339356659,1.3041046271123822,True,True,"[[-0.18492809317671635,1.1191765339356659]]",1,False,valid,True,0,[],adaptive,True,initial,20,20,0,False,21,45,0.025,2,False,False,4,0,0.02499999999999991,0.09999999999999998,0.10000000000000009,1,0,5,1.0,mean_lasso_union,conditional_mean,conditional_mean,False,retain_all,none,1
dgp1,500,200,1.0,0.25,214,8553404663795886477,4,post_selection_ivqr,0.6000000000000001,0.3255102498039183,-0.6001204362568586,1.2990351693401068,1.8991556055969654,True,True,"[[-0.6001204362568586,1.2990351693401068]]",1,False,valid,True,0,[],adaptive,True,initial,20,20,0,False,21,45,0.025,2,False,False,4,0,0.02499999999999991,0.09999999999999998,0.10000000000000009,3,0,15,1.0,mean_lasso_union,conditional_mean,conditional_mean,False,retain_all,none,1
dgp1,500,200,1.0,0.25,215,1397540481006034472,4,post_selection_ivqr,0.20000000000000018,0.3255102498039183,-0.3681286289601152,0.8131062401728618,1.181234869132977,True,True,"[[-0.3681286289601152,0.8131062401728618]]",1,False,valid,True,0,[],adaptive,True,initial,20,20,0,False,21,45,0.025,2,False,False,4,0,0.024999999999999967,0.09999999999999998,0.10000000000000009,1,0,6,1.0,mean_lasso_union,conditional_mean,conditional_mean,False,retain_all,none,1
dgp1,500,200,1.0,0.25,216,3113967141828686769,4,post_selection_ivqr,0.6000000000000001,0.3255102498039183,-0.11207926988637147,1.2872092982944707,1.3992885681808422,True,True,"[[-0.11207926988637147,1.2872092982944707]]",1,False,valid,True,0,[],adaptive,True,initial,20,20,0,False,21,45,0.025,2,False,False,4,0,0.02499999999999991,0.09999999999999998,0.10000000000000009,3,0,13,1.0,mean_lasso_union,conditional_mean,conditional_mean,False,retain_all,none,1
dgp1,500,200,1.0,0.25,217,1812919868375172268,4,post_selection_ivqr,0.0,0.3255102498039183,-0.6709120974911167,0.61962693837476,1.2905390358658768,True,True,"[[-0.6709120974911167,0.61962693837476]]",1,False,valid,True,0,[],adaptive,True,initial,20,20,0,False,21,45,0.025,2,False,False,4,0,0.025000000000000022,0.09999999999999998,0.10000000000000009,2,0,12,1.0,mean_lasso_union,conditional_mean,conditional_mean,False,retain_all,none,1
dgp1,500,200,1.0,0.25,218,6107030378366958428,4,post_selection_ivqr,0.40000000000000013,0.3255102498039183,-0.41513191394691024,1.1216775950712505,1.5368095090181608,True,True,"[[-0.41513191394691024,1.1216775950712505]]",1,False,valid,True,0,[],adaptive,True,initial,20,20,0,False,21,45,0.025,2,False,False,4,0,0.02499999999999991,0.09999999999999998,0.10000000000000009,0,0,4,1.0,mean_lasso_union,conditional_mean,conditional_mean,False,retain_all,none,1
dgp1,500,200,1.0,0.25,219,8665127004198320589,4,post_selection_ivqr,0.40000000000000013,0.3255102498039183,-0.16813663337739895,1.298623885790384,1.466760519167783,True,True,"[[-0.16813663337739895,1.298623885790384]]",1,False,valid,True,0,[],adaptive,True,initial,20,20,0,False,21,45,0.025,2,False,False,4,0,0.02499999999999991,0.09999999999999998,0.10000000000000009,1,0,13,1.0,mean_lasso_union,conditional_mean,conditional_mean,False,retain_all,none,1
dgp1,500,200,1.0,0.25,220,5646330686278890896,4,post_selection_ivqr,0.8,0.3255102498039183,0.19549351599935286,1.3689333381089126,1.1734398221095597,True,True,"[[0.19549351599935286,1.3689333381089126]]",1,False,valid,True,0,[],adaptive,True,initial,20,20,0,False,21,45,0.025,2,False,False,4,0,0.02499999999999991,0.09999999999999998,0.10000000000000009,4,0,9,1.0,mean_lasso_union,conditional_mean,conditional_mean,False,retain_all,none,1
dgp1,500,200,1.0,0.25,221,4296905831652227029,4,post_selection_ivqr,0.6000000000000001,0.3255102498039183,-0.27732212921295823,1.4713639910793959,1.748686120292354,True,True,"[[-0.27732212921295823,1.4713639910793959]]",1,False,valid,True,0,[],adaptive,True,initial,20,20,0,False,21,45,0.025,2,False,False,4,0,0.02499999999999991,0.09999999999999998,0.10000000000000009,3,0,12,1.0,mean_lasso_union,conditional_mean,conditional_mean,False,retain_all,none,1
dgp1,500,200,1.0,0.25,222,6965753562644330206,4,post_selection_ivqr,0.40000000000000013,0.3255102498039183,-0.12080152194426981,1.5555312618147197,1.6763327837589894,True,True,"[[-0.12080152194426981,1.5555312618147197]]",1,False,valid,True,0,[],adaptive,True,initial,20,20,0,False,21,45,0.025,2,False,False,4,0,0.02499999999999991,0.09999999999999998,0.10000000000000009,0,0,8,1.0,mean_lasso_union,conditional_mean,conditional_mean,False,retain_all,none,1
dgp1,500,200,1.0,0.25,223,3685944638570582932,4,post_selection_ivqr,0.40000000000000013,0.3255102498039183,-0.6961436328255717,1.0823153872972187,1.7784590201227903,True,True,"[[-0.6961436328255717,1.0823153872972187]]",1,False,valid,True,0,[],adaptive,True,initial,20,20,0,False,21,45,0.025,2,False,False,4,0,0.02499999999999991,0.09999999999999998,0.10000000000000009,2,0,9,1.0,mean_lasso_union,conditional_mean,conditional_mean,False,retain_all,none,1
dgp1,500,200,1.0,0.25,224,8369113750001253093,4,post_selection_ivqr,0.40000000000000013,0.3255102498039183,-0.13742056741090602,1.1170822974957462,1.254502864906652,True,True,"[[-0.13742056741090602,1.1170822974957462]]",1,False,valid,True,0,[],adaptive,True,initial,20,20,0,False,21,45,0.025,2,False,False,4,0,0.02499999999999991,0.09999999999999998,0.10000000000000009,2,0,12,1.0,mean_lasso_union,conditional_mean,conditional_mean,False,retain_all,none,1
dgp1,500,200,1.0,0.25,225,3042389467215258163,4,post_selection_ivqr,1.0,0.3255102498039183,-0.02139275131068938,1.8432154877202216,1.8646082390309109,True,True,"[[-0.02139275131068938,1.8432154877202216]]",1,False,valid,True,0,[],adaptive,True,initial,20,20,0,False,21,45,0.025,2,False,False,4,0,0.02499999999999991,0.09999999999999998,0.10000000000000009,3,0,18,1.0,mean_lasso_union,conditional_mean,conditional_mean,False,retain_all,none,1
dgp1,500,200,1.0,0.25,226,3840829443062471057,4,post_selection_ivqr,0.40000000000000013,0.3255102498039183,-0.26001649616007444,0.9186890494752076,1.178705545635282,True,True,"[[-0.26001649616007444,0.9186890494752076]]",1,False,valid,True,0,[],adaptive,True,initial,20,20,0,False,21,45,0.025,2,False,False,4,0,0.02499999999999991,0.09999999999999998,0.10000000000000009,2,0,11,1.0,mean_lasso_union,conditional_mean,conditional_mean,False,retain_all,none,1
dgp1,500,200,1.0,0.25,227,8758561171480922884,4,post_selection_ivqr,0.8,0.3255102498039183,0.28775836172232955,1.450584183310567,1.1628258215882374,True,True,"[[0.28775836172232955,1.450584183310567]]",1,False,valid,True,0,[],adaptive,True,initial,20,20,0,False,21,45,0.025,2,False,False,4,0,0.02499999999999991,0.09999999999999998,0.10000000000000009,7,0,33,1.0,mean_lasso_union,conditional_mean,conditional_mean,False,retain_all,none,1
dgp1,500,200,1.0,0.25,228,2985510012517247807,4,post_selection_ivqr,-0.19999999999999996,0.3255102498039183,-1.0,0.7927394072582926,1.7927394072582925,True,True,"[[-1.0,0.7927394072582926]]",1,False,valid,True,0,[],adaptive,True,initial,20,20,0,False,21,43,0.025,2,False,False,2,0,0.025000000000000022,0.09999999999999998,0.10000000000000009,1,0,7,1.0,mean_lasso_union,conditional_mean,conditional_mean,False,retain_all,none,1
dgp1,500,200,1.0,0.25,229,4378933540522086169,4,post_selection_ivqr,0.0,0.3255102498039183,-0.8216440433879637,0.6908360832299398,1.5124801266179035,True,True,"[[-0.8216440433879637,0.6908360832299398]]",1,False,valid,True,0,[],adaptive,True,initial,20,20,0,False,21,45,0.025,2,False,False,4,0,0.02499999999999991,0.09999999999999998,0.10000000000000009,1,0,7,1.0,mean_lasso_union,conditional_mean,conditional_mean,False,retain_all,none,1
dgp1,500,200,1.0,0.25,230,8457714095275171587,4,post_selection_ivqr,0.8,0.3255102498039183,-0.06827008097671634,1.6852061614983618,1.753476242475078,True,True,"[[-0.06827008097671634,1.6852061614983618]]",1,False,valid,True,0,[],adaptive,True,initial,20,20,0,False,21,45,0.025,2,False,False,4,0,0.02499999999999991,0.09999999999999998,0.10000000000000009,1,0,8,1.0,mean_lasso_union,conditional_mean,conditional_mean,False,retain_all,none,1
dgp1,500,200,1.0,0.25,231,266808460118389543,4,post_selection_ivqr,0.40000000000000013,0.3255102498039183,-0.15187314566901008,0.9622215433797289,1.1140946890487389,True,True,"[[-0.15187314566901008,0.9622215433797289]]",1,False,valid,True,0,[],adaptive,True,initial,20,20,0,False,21,45,0.025,2,False,False,4,0,0.024999999999999994,0.09999999999999998,0.10000000000000009,1,0,14,1.0,mean_lasso_union,conditional_mean,conditional_mean,False,retain_all,none,1
dgp1,500,200,1.0,0.25,232,2758098385307105821,4,post_selection_ivqr,0.20000000000000018,0.3255102498039183,-0.8176311961383868,0.629389075853141,1.4470202719915277,True,True,"[[-0.8176311961383868,0.629389075853141]]",1,False,valid,True,0,[],adaptive,True,initial,20,20,0,False,21,45,0.025,2,False,False,4,0,0.025000000000000022,0.09999999999999998,0.10000000000000009,3,0,18,1.0,mean_lasso_union,conditional_mean,conditional_mean,False,retain_all,none,1
dgp1,500,200,1.0,0.25,233,894998854203687976,4,post_selection_ivqr,1.0,0.3255102498039183,0.411433306274373,1.5522559084072538,1.140822602132881,False,True,"[[0.411433306274373,1.5522559084072538]]",1,False,valid,True,0,[],adaptive,True,initial,20,20,0,False,21,45,0.025,2,False,False,4,0,0.02499999999999991,0.09999999999999998,0.10000000000000009,1,0,9,1.0,mean_lasso_union,conditional_mean,conditional_mean,False,retain_all,none,1
dgp1,500,200,1.0,0.25,234,3188664631129360696,4,post_selection_ivqr,0.40000000000000013,0.3255102498039183,-0.5682087456714029,1.1988821317608833,1.7670908774322862,True,True,"[[-0.5682087456714029,1.1988821317608833]]",1,False,valid,True,0,[],adaptive,True,initial,20,20,0,False,21,45,0.025,2,False,False,4,0,0.02499999999999991,0.09999999999999998,0.10000000000000009,4,0,27,1.0,mean_lasso_union,conditional_mean,conditional_mean,False,retain_all,none,1
dgp1,500,200,1.0,0.25,235,3399940312025130502,4,post_selection_ivqr,1.2000000000000002,0.3255102498039183,0.31403331849138255,1.8540413440100354,1.5400080255186528,True,True,"[[0.31403331849138255,1.8540413440100354]]",1,False,valid,True,0,[],adaptive,True,initial,20,20,0,False,21,45,0.025,2,False,False,4,0,0.02499999999999991,0.09999999999999998,0.10000000000000009,3,0,15,1.0,mean_lasso_union,conditional_mean,conditional_mean,False,retain_all,none,1
dgp1,500,200,1.0,0.25,236,1652610376740588027,4,post_selection_ivqr,0.0,0.3255102498039183,-0.8676680116376658,0.5662862653310113,1.4339542769686773,True,True,"[[-0.8676680116376658,0.5662862653310113]]",1,False,valid,True,0,[],adaptive,True,initial,20,20,0,False,21,45,0.025,2,False,False,4,0,0.02499999999999991,0.09999999999999998,0.10000000000000009,2,0,12,1.0,mean_lasso_union,conditional_mean,conditional_mean,False,retain_all,none,1
dgp1,500,200,1.0,0.25,237,2287045986896550741,4,post_selection_ivqr,0.0,0.3255102498039183,-0.566407257096036,0.8123759269222521,1.378783184018288,True,True,"[[-0.566407257096036,0.8123759269222521]]",1,False,valid,True,0,[],adaptive,True,initial,20,20,0,False,21,45,0.025,2,False,False,4,0,0.025000000000000022,0.09999999999999998,0.10000000000000009,1,0,6,1.0,mean_lasso_union,conditional_mean,conditional_mean,False,retain_all,none,1
dgp1,500,200,1.0,0.25,238,285184883613156211,4,post_selection_ivqr,0.40000000000000013,0.3255102498039183,-0.21997921199867077,1.1909296735286565,1.4109088855273273,True,True,"[[-0.21997921199867077,1.1909296735286565]]",1,False,valid,True,0,[],adaptive,True,initial,20,20,0,False,21,45,0.025,2,False,False,4,0,0.02499999999999991,0.09999999999999998,0.10000000000000009,4,0,14,1.0,mean_lasso_union,conditional_mean,conditional_mean,False,retain_all,none,1
dgp1,500,200,1.0,0.25,239,2686861388034106842,4,post_selection_ivqr,-0.8,0.3255102498039183,-1.0,0.4369581487028424,1.4369581487028424,True,True,"[[-1.0,0.4369581487028424]]",1,False,valid,True,0,[],adaptive,True,initial,20,20,0,False,21,43,0.025,2,False,False,2,0,0.024999999999999967,0.09999999999999998,0.10000000000000009,2,0,14,1.0,mean_lasso_union,conditional_mean,conditional_mean,False,retain_all,none,1
dgp1,500,200,1.0,0.25,240,894064331630202900,4,post_selection_ivqr,-0.3999999999999999,0.3255102498039183,-0.9402399319781344,0.21760230468754593,1.1578422366656804,False,True,"[[-0.9402399319781344,0.21760230468754593]]",1,False,valid,True,0,[],adaptive,True,initial,20,20,0,False,21,45,0.025,2,False,False,4,0,0.02499999999999991,0.09999999999999998,0.10000000000000009,8,0,37,1.0,mean_lasso_union,conditional_mean,conditional_mean,False,retain_all,none,1
dgp1,500,200,1.0,0.25,241,3950971714982670500,4,post_selection_ivqr,0.6000000000000001,0.3255102498039183,-0.5713047775177181,1.1881103537625703,1.7594151312802886,True,True,"[[-0.5713047775177181,1.1881103537625703]]",1,False,valid,True,0,[],adaptive,True,initial,20,20,0,False,21,45,0.025,2,False,False,4,0,0.02499999999999991,0.09999999999999998,0.10000000000000009,9,0,18,1.0,mean_lasso_union,conditional_mean,conditional_mean,False,retain_all,none,1
dgp1,500,200,1.0,0.25,242,4011073375925070015,4,post_selection_ivqr,0.8,0.3255102498039183,0.13913175723488255,1.1997905487489704,1.060658791514088,True,True,"[[0.13913175723488255,1.1997905487489704]]",1,False,valid,True,0,[],adaptive,True,initial,20,20,0,False,21,45,0.025,2,False,False,4,0,0.02499999999999991,0.09999999999999998,0.10000000000000009,8,0,39,1.0,mean_lasso_union,conditional_mean,conditional_mean,False,retain_all,none,1
dgp1,500,200,1.0,0.25,243,2355318595357876610,4,post_selection_ivqr,0.20000000000000018,0.3255102498039183,-0.3459453342113793,1.0541268234862018,1.400072157697581,True,True,"[[-0.3459453342113793,1.0541268234862018]]",1,False,valid,True,0,[],adaptive,True,initial,20,20,0,False,21,45,0.025,2,False,False,4,0,0.02499999999999991,0.09999999999999998,0.10000000000000009,0,0,6,1.0,mean_lasso_union,conditional_mean,conditional_mean,False,retain_all,none,1
dgp1,500,200,1.0,0.25,244,7729990171406230980,4,post_selection_ivqr,0.40000000000000013,0.3255102498039183,-0.23141932008513202,0.9920376052667393,1.2234569253518714,True,True,"[[-0.23141932008513202,0.9920376052667393]]",1,False,valid,True,0,[],adaptive,True,initial,20,20,0,False,21,45,0.025,2,False,False,4,0,0.024999999999999994,0.09999999999999998,0.10000000000000009,0,0,8,1.0,mean_lasso_union,conditional_mean,conditional_mean,False,retain_all,none,1
dgp1,500,200,1.0,0.25,245,299065966876355298,4,post_selection_ivqr,0.0,0.3255102498039183,-0.6598500184909473,0.4991710812954312,1.1590210997863784,True,True,"[[-0.6598500184909473,0.4991710812954312]]",1,False,valid,True,0,[],adaptive,True,initial,20,20,0,False,21,45,0.025,2,False,False,4,0,0.024999999999999967,0.09999999999999998,0.10000000000000009,2,0,13,1.0,mean_lasso_union,conditional_mean,conditional_mean,False,retain_all,none,1
dgp1,500,200,1.0,0.25,246,2914783088086001866,4,post_selection_ivqr,0.8,0.3255102498039183,0.08852063399888814,1.307313194967871,1.1318161166533771,True,True,"[[0.08852063399888814,0.11622661689968748],[0.20320306121529316,1.307313194967871]]",2,True,valid,True,0,[],adaptive,True,initial,20,20,0,False,21,49,0.025,2,False,False,8,0,0.02499999999999991,0.09999999999999998,0.10000000000000009,3,0,13,1.0,mean_lasso_union,conditional_mean,conditional_mean,False,retain_all,none,1
dgp1,500,200,1.0,0.25,247,7555810953808794478,4,post_selection_ivqr,0.0,0.3255102498039183,-1.0,0.7763416529039787,1.7763416529039788,True,True,"[[-1.0,0.7763416529039787]]",1,False,valid,True,0,[],adaptive,True,initial,20,20,0,False,21,43,0.025,2,False,False,2,0,0.025000000000000022,0.09999999999999998,0.10000000000000009,1,0,9,1.0,mean_lasso_union,conditional_mean,conditional_mean,False,retain_all,none,1
dgp1,500,200,1.0,0.25,248,7544229115533836774,4,post_selection_ivqr,1.0,0.3255102498039183,0.13400295948364355,1.4169826008225972,1.2829796413389536,True,True,"[[0.13400295948364355,1.4169826008225972]]",1,False,valid,True,0,[],adaptive,True,initial,20,20,0,False,21,45,0.025,2,False,False,4,0,0.02499999999999991,0.09999999999999998,0.10000000000000009,2,0,10,1.0,mean_lasso_union,conditional_mean,conditional_mean,False,retain_all,none,1
dgp1,500,200,1.0,0.25,249,6301612908336791100,4,post_selection_ivqr,0.8,0.3255102498039183,0.000534451565359276,1.2573081024973238,1.2567736509319645,True,True,"[[0.000534451565359276,1.2573081024973238]]",1,False,valid,True,0,[],adaptive,True,initial,20,20,0,False,21,45,0.025,2,False,False,4,0,0.02499999999999991,0.09999999999999998,0.10000000000000009,2,0,11,1.0,mean_lasso_union,conditional_mean,conditional_mean,False,retain_all,none,1
dgp1,500,200,1.0,0.25,250,384819324936640022,4,post_selection_ivqr,-0.19999999999999996,0.3255102498039183,-0.7973096997500666,0.48226598354552586,1.2795756832955925,True,True,"[[-0.7973096997500666,0.48226598354552586]]",1,False,valid,True,0,[],adaptive,True,initial,20,20,0,False,21,45,0.025,2,False,False,4,0,0.024999999999999967,0.09999999999999998,0.10000000000000009,4,0,23,1.0,mean_lasso_union,conditional_mean,conditional_mean,False,retain_all,none,1
dgp1,500,200,1.0,0.25,251,5195278600358370665,4,post_selection_ivqr,-0.19999999999999996,0.3255102498039183,-0.7173919771489846,0.7360625738922711,1.4534545510412558,True,True,"[[-0.7173919771489846,0.7360625738922711]]",1,False,valid,True,0,[],adaptive,True,initial,20,20,0,False,21,45,0.025,2,False,False,4,0,0.02499999999999991,0.09999999999999998,0.10000000000000009,2,0,18,1.0,mean_lasso_union,conditional_mean,conditional_mean,False,retain_all,none,1
dgp1,500,200,1.0,0.25,252,3394310578847682407,4,post_selection_ivqr,0.20000000000000018,0.3255102498039183,-0.008805409305525716,0.8575150517941726,0.8663204610996984,True,True,"[[-0.008805409305525716,0.8575150517941726]]",1,False,valid,True,0,[],adaptive,True,initial,20,20,0,False,21,45,0.025,2,False,False,4,0,0.02499999999999991,0.09999999999999998,0.10000000000000009,1,0,10,1.0,mean_lasso_union,conditional_mean,conditional_mean,False,retain_all,none,1
dgp1,500,200,1.0,0.25,253,1240353500759009675,4,post_selection_ivqr,0.6000000000000001,0.3255102498039183,-0.014889983638276993,1.2357301998268468,1.2506201834651238,True,True,"[[-0.014889983638276993,1.2357301998268468]]",1,False,valid,True,0,[],adaptive,True,initial,20,20,0,False,21,45,0.025,2,False,False,4,0,0.02499999999999991,0.09999999999999998,0.10000000000000009,5,0,11,1.0,mean_lasso_union,conditional_mean,conditional_mean,False,retain_all,none,1
dgp1,500,200,1.0,0.25,254,1117625602145158424,4,post_selection_ivqr,0.6000000000000001,0.3255102498039183,-0.014745574655324112,1.2700234535833161,1.2847690282386401,True,True,"[[-0.014745574655324112,1.2700234535833161]]",1,False,valid,True,0,[],adaptive,True,initial,20,20,0,False,21,45,0.025,2,False,False,4,0,0.02499999999999991,0.09999999999999998,0.10000000000000009,0,0,12,1.0,mean_lasso_union,conditional_mean,conditional_mean,False,retain_all,none,1
dgp1,500,200,1.0,0.25,255,5723987920590385649,4,post_selection_ivqr,0.0,0.3255102498039183,-0.8792013367458905,0.5808870596755135,1.460088396421404,True,True,"[[-0.8792013367458905,0.5808870596755135]]",1,False,valid,True,0,[],adaptive,True,initial,20,20,0,False,21,45,0.025,2,False,False,4,0,0.02499999999999991,0.09999999999999998,0.10000000000000009,3,0,24,1.0,mean_lasso_union,conditional_mean,conditional_mean,False,retain_all,none,1
dgp1,500,200,1.0,0.25,256,4775594704832621881,4,post_selection_ivqr,0.40000000000000013,0.3255102498039183,-0.16454776771529633,1.3185570801017152,1.4831048478170117,True,True,"[[-0.16454776771529633,1.3185570801017152]]",1,False,valid,True,0,[],adaptive,True,initial,20,20,0,False,21,45,0.025,2,False,False,4,0,0.02499999999999991,0.09999999999999998,0.10000000000000009,2,0,16,1.0,mean_lasso_union,conditional_mean,conditional_mean,False,retain_all,none,1
dgp1,500,200,1.0,0.25,257,3246687022731209550,4,post_selection_ivqr,0.40000000000000013,0.3255102498039183,-0.49064294769752786,1.476117042599827,1.8376824581681186,True,True,"[[-0.49064294769752786,-0.28722472833475077],[-0.15814719620551454,1.476117042599827]]",2,True,valid,True,0,[],adaptive,True,initial,20,20,0,False,21,49,0.025,2,False,False,8,0,0.02499999999999991,0.09999999999999998,0.10000000000000009,1,0,12,1.0,mean_lasso_union,conditional_mean,conditional_mean,False,retain_all,none,1
dgp1,500,200,1.0,0.25,258,3271307899265034012,4,post_selection_ivqr,0.0,0.3255102498039183,-1.0,0.6433171462810531,1.6433171462810532,True,True,"[[-1.0,0.6433171462810531]]",1,False,valid,True,0,[],adaptive,True,initial,20,20,0,False,21,43,0.025,2,False,False,2,0,0.025000000000000022,0.09999999999999998,0.10000000000000009,1,0,13,1.0,mean_lasso_union,conditional_mean,conditional_mean,False,retain_all,none,1
dgp1,500,200,1.0,0.25,259,8162935940492887998,4,post_selection_ivqr,0.8,0.3255102498039183,-0.3901252671414189,1.618168663347709,2.008293930489128,True,True,"[[-0.3901252671414189,1.618168663347709]]",1,False,valid,True,0,[],adaptive,True,initial,20,20,0,False,21,45,0.025,2,False,False,4,0,0.02499999999999991,0.09999999999999998,0.10000000000000009,0,0,6,1.0,mean_lasso_union,conditional_mean,conditional_mean,False,retain_all,none,1
dgp1,500,200,1.0,0.25,260,5933099914608101579,4,post_selection_ivqr,-0.19999999999999996,0.3255102498039183,-1.0,0.7105422188988901,1.7105422188988901,True,True,"[[-1.0,0.7105422188988901]]",1,False,valid,True,0,[],adaptive,True,initial,20,20,0,False,21,43,0.025,2,False,False,2,0,0.02499999999999991,0.09999999999999998,0.10000000000000009,0,0,7,1.0,mean_lasso_union,conditional_mean,conditional_mean,False,retain_all,none,1
dgp1,500,200,1.0,0.25,261,6775819407613880620,4,post_selection_ivqr,0.20000000000000018,0.3255102498039183,-0.3539643525005735,1.0160383862503677,1.3700027387509413,True,True,"[[-0.3539643525005735,1.0160383862503677]]",1,False,valid,True,0,[],adaptive,True,initial,20,20,0,False,21,45,0.025,2,False,False,4,0,0.02499999999999991,0.09999999999999998,0.10000000000000009,3,0,19,1.0,mean_lasso_union,conditional_mean,conditional_mean,False,retain_all,none,1
dgp1,500,200,1.0,0.25,262,7857444281615720650,4,post_selection_ivqr,0.40000000000000013,0.3255102498039183,-0.3294029028519821,0.8138955138162954,1.1432984166682776,True,True,"[[-0.3294029028519821,0.8138955138162954]]",1,False,valid,True,0,[],adaptive,True,initial,20,20,0,False,21,45,0.025,2,False,False,4,0,0.024999999999999967,0.09999999999999998,0.10000000000000009,3,0,19,1.0,mean_lasso_union,conditional_mean,conditional_mean,False,retain_all,none,1
dgp1,500,200,1.0,0.25,263,6275977565180767560,4,post_selection_ivqr,0.20000000000000018,0.3255102498039183,-0.7159634639958724,0.8855315712610997,1.6014950352569721,True,True,"[[-0.7159634639958724,0.8855315712610997]]",1,False,valid,True,0,[],adaptive,True,initial,20,20,0,False,21,45,0.025,2,False,False,4,0,0.02499999999999991,0.09999999999999998,0.10000000000000009,0,0,9,1.0,mean_lasso_union,conditional_mean,conditional_mean,False,retain_all,none,1
dgp1,500,200,1.0,0.25,264,2753526317142186238,4,post_selection_ivqr,1.0,0.3255102498039183,-0.2175560085358538,1.5205586150809038,1.7381146236167577,True,True,"[[-0.2175560085358538,1.5205586150809038]]",1,False,valid,True,0,[],adaptive,True,initial,20,20,0,False,21,45,0.025,2,False,False,4,0,0.02499999999999991,0.09999999999999998,0.10000000000000009,1,0,17,1.0,mean_lasso_union,conditional_mean,conditional_mean,False,retain_all,none,1
dgp1,500,200,1.0,0.25,265,7782417659817333527,4,post_selection_ivqr,-0.19999999999999996,0.3255102498039183,-0.6662651462319594,0.5662383500301973,1.2325034962621566,True,True,"[[-0.6662651462319594,0.5662383500301973]]",1,False,valid,True,0,[],adaptive,True,initial,20,20,0,False,21,45,0.025,2,False,False,4,0,0.025000000000000022,0.09999999999999998,0.10000000000000009,3,0,29,1.0,mean_lasso_union,conditional_mean,conditional_mean,False,retain_all,none,1
dgp1,500,200,1.0,0.25,266,6858799348093077103,4,post_selection_ivqr,0.6000000000000001,0.3255102498039183,-0.08151258852679256,1.4047618965329252,1.4862744850597178,True,True,"[[-0.08151258852679256,1.4047618965329252]]",1,False,valid,True,0,[],adaptive,True,initial,20,20,0,False,21,45,0.025,2,False,False,4,0,0.02499999999999991,0.09999999999999998,0.10000000000000009,4,0,7,1.0,mean_lasso_union,conditional_mean,conditional_mean,False,retain_all,none,1
dgp1,500,200,1.0,0.25,267,8400836498537108320,4,post_selection_ivqr,0.40000000000000013,0.3255102498039183,-0.3516651811283727,1.394970007714507,1.7466351888428797,True,True,"[[-0.3516651811283727,1.394970007714507]]",1,False,valid,True,0,[],adaptive,True,initial,20,20,0,False,21,45,0.025,2,False,False,4,0,0.02499999999999991,0.09999999999999998,0.10000000000000009,2,0,9,1.0,mean_lasso_union,conditional_mean,conditional_mean,False,retain_all,none,1
dgp1,500,200,1.0,0.25,268,768555821819217864,4,post_selection_ivqr,0.20000000000000018,0.3255102498039183,-0.5292430798411883,0.7190918680188402,1.2483349478600285,True,True,"[[-0.5292430798411883,0.7190918680188402]]",1,False,valid,True,0,[],adaptive,True,initial,20,20,0,False,21,45,0.025,2,False,False,4,0,0.02499999999999991,0.09999999999999998,0.10000000000000009,2,0,21,1.0,mean_lasso_union,conditional_mean,conditional_mean,False,retain_all,none,1
dgp1,500,200,1.0,0.25,269,3962128242367932620,4,post_selection_ivqr,0.40000000000000013,0.3255102498039183,-0.33431850532196,1.466677571233001,1.8009960765549609,True,True,"[[-0.33431850532196,1.466677571233001]]",1,False,valid,True,0,[],adaptive,True,initial,20,20,0,False,21,45,0.025,2,False,False,4,0,0.02499999999999991,0.09999999999999998,0.10000000000000009,6,0,10,1.0,mean_lasso_union,conditional_mean,conditional_mean,False,retain_all,none,1
dgp1,500,200,1.0,0.25,270,5121767589474053365,4,post_selection_ivqr,0.40000000000000013,0.3255102498039183,-0.5840959100586763,0.9554826517270721,1.5395785617857485,True,True,"[[-0.5840959100586763,0.9554826517270721]]",1,False,valid,True,0,[],adaptive,True,initial,20,20,0,False,21,45,0.025,2,False,False,4,0,0.025000000000000022,0.09999999999999998,0.10000000000000009,2,0,19,1.0,mean_lasso_union,conditional_mean,conditional_mean,False,retain_all,none,1
dgp1,500,200,1.0,0.25,271,6872892346308266527,4,post_selection_ivqr,0.8,0.3255102498039183,-0.049518354411246183,1.3628354097621775,1.4123537641734236,True,True,"[[-0.049518354411246183,1.3628354097621775]]",1,False,valid,True,0,[],adaptive,True,initial,20,20,0,False,21,45,0.025,2,False,False,4,0,0.02499999999999991,0.09999999999999998,0.10000000000000009,4,0,12,1.0,mean_lasso_union,conditional_mean,conditional_mean,False,retain_all,none,1
dgp1,500,200,1.0,0.25,272,107350956631403027,4,post_selection_ivqr,0.20000000000000018,0.3255102498039183,-0.27322914739163634,0.591415297283834,0.8646444446754704,True,True,"[[-0.27322914739163634,0.591415297283834]]",1,False,valid,True,0,[],adaptive,True,initial,20,20,0,False,21,45,0.025,2,False,False,4,0,0.024999999999999967,0.09999999999999998,0.10000000000000009,2,0,12,1.0,mean_lasso_union,conditional_mean,conditional_mean,False,retain_all,none,1
dgp1,500,200,1.0,0.25,273,6167070383951918388,4,post_selection_ivqr,0.40000000000000013,0.3255102498039183,-0.32152478475635515,1.2555142039239051,1.5770389886802603,True,True,"[[-0.32152478475635515,1.2555142039239051]]",1,False,valid,True,0,[],adaptive,True,initial,20,20,0,False,21,45,0.025,2,False,False,4,0,0.02499999999999991,0.09999999999999998,0.10000000000000009,7,0,14,1.0,mean_lasso_union,conditional_mean,conditional_mean,False,retain_all,none,1
dgp1,500,200,1.0,0.25,274,6758375750594214425,4,post_selection_ivqr,0.8,0.3255102498039183,-0.3209172978568741,1.3544905445742887,1.675407842431163,True,True,"[[-0.3209172978568741,1.3544905445742887]]",1,False,valid,True,0,[],adaptive,True,initial,20,20,0,False,21,45,0.025,2,False,False,4,0,0.02499999999999991,0.09999999999999998,0.10000000000000009,1,0,8,1.0,mean_lasso_union,conditional_mean,conditional_mean,False,retain_all,none,1
dgp1,500,200,1.0,0.25,275,829827110470689452,4,post_selection_ivqr,0.40000000000000013,0.3255102498039183,-0.028068326760153965,0.8378569156157782,0.8659252423759322,True,True,"[[-0.028068326760153965,0.8378569156157782]]",1,False,valid,True,0,[],adaptive,True,initial,20,20,0,False,21,45,0.025,2,False,False,4,0,0.024999999999999994,0.09999999999999998,0.10000000000000009,6,0,17,1.0,mean_lasso_union,conditional_mean,conditional_mean,False,retain_all,none,1
dgp1,500,200,1.0,0.25,276,6891652504877976541,4,post_selection_ivqr,1.0,0.3255102498039183,0.4437172171264071,1.3714048572990607,0.9276876401726536,False,True,"[[0.4437172171264071,1.3714048572990607]]",1,False,valid,True,0,[],adaptive,True,initial,20,20,0,False,21,45,0.025,2,False,False,4,0,0.02499999999999991,0.09999999999999998,0.10000000000000009,2,0,16,1.0,mean_lasso_union,conditional_mean,conditional_mean,False,retain_all,none,1
dgp1,500,200,1.0,0.25,277,1379516439886635440,4,post_selection_ivqr,0.0,0.3255102498039183,-0.731146385756579,0.44174465963096377,1.1728910453875427,True,True,"[[-0.731146385756579,0.44174465963096377]]",1,False,valid,True,0,[],adaptive,True,initial,20,20,0,False,21,45,0.025,2,False,False,4,0,0.024999999999999967,0.09999999999999998,0.10000000000000009,8,0,38,1.0,mean_lasso_union,conditional_mean,conditional_mean,False,retain_all,none,1
dgp1,500,200,1.0,0.25,278,7422297761338909906,4,post_selection_ivqr,0.8,0.3255102498039183,-0.2550836056234646,1.7951347055029794,2.050218311126444,True,True,"[[-0.2550836056234646,1.7951347055029794]]",1,False,valid,True,0,[],adaptive,True,initial,20,20,0,False,21,45,0.025,2,False,False,4,0,0.02499999999999991,0.09999999999999998,0.10000000000000009,2,0,6,1.0,mean_lasso_union,conditional_mean,conditional_mean,False,retain_all,none,1
dgp1,500,200,1.0,0.25,279,5921441162354950121,4,post_selection_ivqr,-0.19999999999999996,0.3255102498039183,-1.0,0.7668691527941089,1.766869152794109,True,True,"[[-1.0,0.7668691527941089]]",1,False,valid,True,0,[],adaptive,True,initial,20,20,0,False,21,43,0.025,2,False,False,2,0,0.025000000000000022,0.09999999999999998,0.10000000000000009,4,0,20,1.0,mean_lasso_union,conditional_mean,conditional_mean,False,retain_all,none,1
dgp1,500,200,1.0,0.25,280,4880096675941526826,4,post_selection_ivqr,0.6000000000000001,0.3255102498039183,-0.2913175076884655,1.4260996441994265,1.717417151887892,True,True,"[[-0.2913175076884655,1.4260996441994265]]",1,False,valid,True,0,[],adaptive,True,initial,20,20,0,False,21,45,0.025,2,False,False,4,0,0.02499999999999991,0.09999999999999998,0.10000000000000009,0,0,14,1.0,mean_lasso_union,conditional_mean,conditional_mean,False,retain_all,none,1
dgp1,500,200,1.0,0.25,281,3386500869414275566,4,post_selection_ivqr,1.0,0.3255102498039183,0.4228070505459154,1.6308227792797738,1.2080157287338584,False,True,"[[0.4228070505459154,1.6308227792797738]]",1,False,valid,True,0,[],adaptive,True,initial,20,20,0,False,21,45,0.025,2,False,False,4,0,0.02499999999999991,0.09999999999999998,0.10000000000000009,0,0,7,1.0,mean_lasso_union,conditional_mean,conditional_mean,False,retain_all,none,1
dgp1,500,200,1.0,0.25,282,3989475269465403911,4,post_selection_ivqr,0.20000000000000018,0.3255102498039183,-0.6871358168900734,0.7303524809511266,1.4174882978412,True,True,"[[-0.6871358168900734,0.7303524809511266]]",1,False,valid,True,0,[],adaptive,True,initial,20,20,0,False,21,45,0.025,2,False,False,4,0,0.02499999999999991,0.09999999999999998,0.10000000000000009,4,0,8,1.0,mean_lasso_union,conditional_mean,conditional_mean,False,retain_all,none,1
dgp1,500,200,1.0,0.25,283,4931380340853789176,4,post_selection_ivqr,0.8,0.3255102498039183,0.24847168382557833,1.2219541168955759,0.9734824330699976,True,True,"[[0.24847168382557833,1.2219541168955759]]",1,False,valid,True,0,[],adaptive,True,initial,20,20,0,False,21,45,0.025,2,False,False,4,0,0.02499999999999991,0.09999999999999998,0.10000000000000009,0,0,14,1.0,mean_lasso_union,conditional_mean,conditional_mean,False,retain_all,none,1
dgp1,500,200,1.0,0.25,284,1985026180829381377,4,post_selection_ivqr,0.6000000000000001,0.3255102498039183,-0.26977853311333616,1.359018941716947,1.6287974748302831,True,True,"[[-0.26977853311333616,1.359018941716947]]",1,False,valid,True,0,[],adaptive,True,initial,20,20,0,False,21,45,0.025,2,False,False,4,0,0.02499999999999991,0.09999999999999998,0.10000000000000009,2,0,17,1.0,mean_lasso_union,conditional_mean,conditional_mean,False,retain_all,none,1
dgp1,500,200,1.0,0.25,285,9131691668922432592,4,post_selection_ivqr,0.8,0.3255102498039183,-0.46978348236789336,1.66680832285732,2.1365918052252133,True,True,"[[-0.46978348236789336,1.66680832285732]]",1,False,valid,True,0,[],adaptive,True,initial,20,20,0,False,21,45,0.025,2,False,False,4,0,0.02499999999999991,0.09999999999999998,0.10000000000000009,3,0,16,1.0,mean_lasso_union,conditional_mean,conditional_mean,False,retain_all,none,1
dgp1,500,200,1.0,0.25,286,573059290118824706,4,post_selection_ivqr,0.6000000000000001,0.3255102498039183,-0.3981729863146476,1.3417139053201237,1.7398868916347712,True,True,"[[-0.3981729863146476,1.3417139053201237]]",1,False,valid,True,0,[],adaptive,True,initial,20,20,0,False,21,45,0.025,2,False,False,4,0,0.02499999999999991,0.09999999999999998,0.10000000000000009,0,0,4,1.0,mean_lasso_union,conditional_mean,conditional_mean,False,retain_all,none,1
dgp1,500,200,1.0,0.25,287,5627493236449990817,4,post_selection_ivqr,0.40000000000000013,0.3255102498039183,-0.36425724405634013,0.9624552871837406,1.3267125312400807,True,True,"[[-0.36425724405634013,0.9624552871837406]]",1,False,valid,True,0,[],adaptive,True,initial,20,20,0,False,21,45,0.025,2,False,False,4,0,0.024999999999999967,0.09999999999999998,0.10000000000000009,0,0,10,1.0,mean_lasso_union,conditional_mean,conditional_mean,False,retain_all,none,1
dgp1,500,200,1.0,0.25,288,3175885309658650561,4,post_selection_ivqr,0.40000000000000013,0.3255102498039183,-0.5708249901017863,1.2882605675038334,1.8590855576056198,True,True,"[[-0.5708249901017863,1.2882605675038334]]",1,False,valid,True,0,[],adaptive,True,initial,20,20,0,False,21,45,0.025,2,False,False,4,0,0.02499999999999991,0.09999999999999998,0.10000000000000009,3,0,10,1.0,mean_lasso_union,conditional_mean,conditional_mean,False,retain_all,none,1
dgp1,500,200,1.0,0.25,289,3717006226052189406,4,post_selection_ivqr,-0.19999999999999996,0.3255102498039183,-1.0,0.4958487606524519,1.495848760652452,True,True,"[[-1.0,0.4958487606524519]]",1,False,valid,True,0,[],adaptive,True,initial,20,20,0,False,21,43,0.025,2,False,False,2,0,0.024999999999999967,0.09999999999999998,0.10000000000000009,2,0,5,1.0,mean_lasso_union,conditional_mean,conditional_mean,False,retain_all,none,1
dgp1,500,200,1.0,0.25,290,8733849312471794518,4,post_selection_ivqr,1.0,0.3255102498039183,0.18101188205701538,1.590987323926162,1.3050025328360326,False,True,"[[0.18101188205701538,0.24256683076132934],[0.3475397397944434,1.590987323926162]]",2,True,valid,True,0,[],adaptive,True,initial,20,20,0,False,21,49,0.025,2,False,False,8,0,0.02499999999999991,0.09999999999999998,0.10000000000000009,3,0,9,1.0,mean_lasso_union,conditional_mean,conditional_mean,False,retain_all,none,1
dgp1,500,200,1.0,0.25,291,6571200778763267988,4,post_selection_ivqr,-0.3999999999999999,0.3255102498039183,-1.0,0.6330526344371826,1.6330526344371825,True,True,"[[-1.0,0.6330526344371826]]",1,False,valid,True,0,[],adaptive,True,initial,20,20,0,False,21,43,0.025,2,False,False,2,0,0.025000000000000022,0.09999999999999998,0.10000000000000009,1,0,12,1.0,mean_lasso_union,conditional_mean,conditional_mean,False,retain_all,none,1
dgp1,500,200,1.0,0.25,292,3214986056393223744,4,post_selection_ivqr,0.6000000000000001,0.3255102498039183,-0.4208996832664098,1.3938448602687896,1.7166866885129008,True,True,"[[-0.4208996832664098,-0.18399016583582983],[-0.08593231081353123,1.3938448602687896]]",2,True,valid,True,0,[],adaptive,True,initial,20,20,0,False,21,49,0.025,2,False,False,8,0,0.02499999999999991,0.09999999999999998,0.10000000000000009,3,0,9,1.0,mean_lasso_union,conditional_mean,conditional_mean,False,retain_all,none,1
dgp1,500,200,1.0,0.25,293,7632497158423228539,4,post_selection_ivqr,0.0,0.3255102498039183,-0.9144047456441453,0.9214239759725367,1.835828721616682,True,True,"[[-0.9144047456441453,0.9214239759725367]]",1,False,valid,True,0,[],adaptive,True,initial,20,20,0,False,21,45,0.025,2,False,False,4,0,0.02499999999999991,0.09999999999999998,0.10000000000000009,3,0,7,1.0,mean_lasso_union,conditional_mean,conditional_mean,False,retain_all,none,1
dgp1,500,200,1.0,0.25,294,7831372195027674807,4,post_selection_ivqr,0.20000000000000018,0.3255102498039183,-0.7269410316856871,0.7125945478376792,1.4395355795233664,True,True,"[[-0.7269410316856871,0.7125945478376792]]",1,False,valid,True,0,[],adaptive,True,initial,20,20,0,False,21,45,0.025,2,False,False,4,0,0.02499999999999991,0.09999999999999998,0.10000000000000009,3,0,12,1.0,mean_lasso_union,conditional_mean,conditional_mean,False,retain_all,none,1
dgp1,500,200,1.0,0.25,295,1973737770516921056,4,post_selection_ivqr,0.0,0.3255102498039183,-0.4871085816285093,0.4924129995586475,0.9795215811871567,True,True,"[[-0.4871085816285093,0.4924129995586475]]",1,False,valid,True,0,[],adaptive,True,initial,20,20,0,False,21,45,0.025,2,False,False,4,0,0.024999999999999967,0.09999999999999998,0.10000000000000009,2,0,26,1.0,mean_lasso_union,conditional_mean,conditional_mean,False,retain_all,none,1
dgp1,500,200,1.0,0.25,296,623385803069415384,4,post_selection_ivqr,-0.3999999999999999,0.3255102498039183,-1.0,0.4469326079260206,1.4469326079260205,True,True,"[[-1.0,0.4469326079260206]]",1,False,valid,True,0,[],adaptive,True,initial,20,20,0,False,21,43,0.025,2,False,False,2,0,0.024999999999999967,0.09999999999999998,0.10000000000000009,1,0,32,1.0,mean_lasso_union,conditional_mean,conditional_mean,False,retain_all,none,1
dgp1,500,200,1.0,0.25,297,3048345711082992282,4,post_selection_ivqr,0.20000000000000018,0.3255102498039183,-0.6999063567533984,0.8739303282987482,1.5738366850521466,True,True,"[[-0.6999063567533984,0.8739303282987482]]",1,False,valid,True,0,[],adaptive,True,initial,20,20,0,False,21,45,0.025,2,False,False,4,0,0.02499999999999991,0.09999999999999998,0.10000000000000009,3,0,9,1.0,mean_lasso_union,conditional_mean,conditional_mean,False,retain_all,none,1
dgp1,500,200,1.0,0.25,298,2339881076834521531,4,post_selection_ivqr,0.6000000000000001,0.3255102498039183,-0.15720511951348815,1.28867793983095,1.445883059344438,True,True,"[[-0.15720511951348815,1.28867793983095]]",1,False,valid,True,0,[],adaptive,True,initial,20,20,0,False,21,45,0.025,2,False,False,4,0,0.02499999999999991,0.09999999999999998,0.10000000000000009,1,0,9,1.0,mean_lasso_union,conditional_mean,conditional_mean,False,retain_all,none,1
dgp1,500,200,1.0,0.25,299,2722142069914032292,4,post_selection_ivqr,0.6000000000000001,0.3255102498039183,-0.128172141164048,1.072080152126112,1.20025229329016,True,True,"[[-0.128172141164048,1.072080152126112]]",1,False,valid,True,0,[],adaptive,True,initial,20,20,0,False,21,45,0.025,2,False,False,4,0,0.02499999999999991,0.09999999999999998,0.10000000000000009,0,0,9,1.0,mean_lasso_union,conditional_mean,conditional_mean,False,retain_all,none,1
